C,Epsilon,Omega,Kernel_alignment
0.0001,10.0,0.0001,0.9291306500926219
0.1,1000.0,0.0001,0.925845401134407
0.0001,10.0,0.0001,0.9289278446808718
0.0001,1000.0,0.0001,0.9330651683901755
0.0001,100.0,0.0001,0.92847532423338
0.0001,10.0,0.0001,0.9217851472303195
0.1,100.0,0.0001,0.9227580286983886
0.0001,100.0,0.0001,0.9191628638985068
0.1,100.0,0.0001,0.9208916847321814
0.1,100.0,0.0001,0.9184195302136189
