C,Epsilon,Omega,Kernel_alignment
0.01,10.0,10000.0,0.7954509211773028
0.1,10.0,0.01,0.790278624214676
0.0001,10.0,10.0,0.7956092398259781
0.1,10.0,0.1,0.7932794221853151
0.1,10.0,10.0,0.7903840787077773
0.0001,10.0,0.001,0.7891347716404096
0.0001,1.0,1000.0,0.7899619858627533
0.0001,10.0,0.001,0.7935716670529794
0.1,10.0,1000.0,0.80111890442372
0.1,10.0,0.0001,0.7918290293021139
