C,Epsilon,Omega,Kernel_alignment
0.01,100.0,10000.0,0.8015372289371079
0.1,10.0,0.0001,0.8140846857678341
0.0001,100.0,100.0,0.7998820945901373
0.1,10.0,10000.0,0.798534912602397
0.0001,10.0,10000.0,0.7952502726581254
0.0001,10.0,10000.0,0.8011327760531182
0.0001,10.0,10000.0,0.8053877856423074
0.1,1.0,10000.0,0.7978496913505493
0.1,1.0,10000.0,0.8067356903401682
0.0001,10.0,10.0,0.7960485098564769
