C,Epsilon,Omega,Kernel_alignment
0.0001,10.0,0.0001,0.42003577976186834
0.0001,10.0,1000.0,0.3529439756730127
0.0001,10.0,1000.0,0.4001449549310025
0.0001,10.0,1000.0,0.39278867505352316
0.0001,10.0,10.0,0.39165264082134843
0.0001,10.0,1000.0,0.3895427551416204
0.0001,10.0,1000.0,0.4009467299050962
0.0001,10.0,1000.0,0.40147974730533453
0.0001,1.0,0.1,0.4303788081568706
0.0001,10.0,1000.0,0.3701662877599695
