C,Epsilon,Omega,Kernel_alignment
0.0001,10.0,0.0001,0.37945971049491906
0.0001,10.0,1.0,0.394761496843382
0.0001,10.0,1.0,0.42473358491567437
0.0001,10.0,100.0,0.3711862148838491
0.0001,10.0,0.001,0.37540546693581456
0.0001,10.0,0.0001,0.38364262687285544
0.0001,10.0,0.01,0.4091514618620286
0.0001,10.0,10.0,0.3906184661476058
0.0001,10.0,0.0001,0.358303660103573
0.0001,10.0,100.0,0.38582752897393585
