C,Epsilon,Omega,Kernel_alignment
0.0001,100.0,0.0001,0.4470395995622847
0.01,10.0,100.0,0.3908285486256421
0.1,10.0,0.0001,0.4290349388238321
0.01,10.0,100.0,0.40963173814261267
0.0001,10.0,100.0,0.4181781737040228
0.0001,10.0,100.0,0.39126919481930955
0.0001,10.0,100.0,0.399576299278195
0.0001,10.0,100.0,0.3974554006416074
0.0001,10.0,100.0,0.3907140333828813
0.01,10.0,100.0,0.41366713384747666
