C,Epsilon,Omega,Kernel_alignment
0.0001,10.0,100.0,0.3248452460220486
0.0001,10.0,100.0,0.2881740619104344
0.0001,10.0,10.0,0.2855917803655775
0.0001,10.0,100.0,0.30478101740045976
0.0001,10.0,0.01,0.29741579179628086
0.0001,10.0,0.0001,0.28801575256026785
0.0001,10.0,0.0001,0.28275839161886024
0.0001,10.0,1.0,0.30063348200162415
0.0001,10.0,0.0001,0.277127133505069
0.0001,1.0,0.0001,0.31799416654775736
