C,Epsilon,Omega,Kernel_alignment
0.0001,1.0,10.0,0.3060540032752398
0.0001,1.0,1.0,0.29547785453040826
0.0001,1.0,100.0,0.2933309259801292
0.0001,10.0,10.0,0.29787691990147963
0.0001,1.0,100.0,0.2990891657383477
0.0001,1.0,100.0,0.2873780383505834
0.0001,1.0,10.0,0.31770224174492956
0.0001,1.0,10.0,0.29363633142648515
0.0001,10.0,100.0,0.2786880636257489
0.0001,1.0,100.0,0.3037254478813285
