C,Epsilon,Omega,Kernel_alignment
0.0001,10.0,100.0,0.3917671794961553
0.0001,10.0,1000.0,0.3648743722152379
0.0001,10.0,100.0,0.37612339125896077
0.0001,10.0,100.0,0.3695901421879628
0.0001,10.0,100.0,0.36767425290945455
0.0001,10.0,10.0,0.390793055289594
0.0001,10.0,10.0,0.3987989782914501
0.0001,10.0,10.0,0.3727810524855007
0.0001,10.0,1000.0,0.3582721324480692
0.0001,10.0,0.1,0.3754206596994666
