C,Epsilon,Omega,Kernel_alignment
0.0001,10.0,100.0,0.24529698650018755
0.0001,10.0,100.0,0.27852153486864056
0.0001,10.0,100.0,0.24361081212635666
0.0001,10.0,100.0,0.25686596262524636
0.0001,10.0,100.0,0.2573184744702511
0.0001,10.0,100.0,0.2443773913118024
0.0001,1.0,100.0,0.25470553612481583
0.0001,10.0,100.0,0.24326742322798658
0.0001,1.0,100.0,0.2837773379850083
0.0001,10.0,100.0,0.28852260842377453
