C,Epsilon,Omega,Kernel_alignment
0.0001,1000.0,0.0001,0.993427863152224
0.0001,100.0,0.0001,0.9911293809258443
0.1,1000.0,0.0001,0.9942795546712992
0.0001,100.0,0.0001,0.992799687525609
0.1,1000.0,0.0001,0.9918945359294918
0.0001,1000.0,0.0001,0.9911051768606368
0.0001,10000.0,0.0001,0.9907317695865103
0.0001,100.0,0.0001,0.9905860944660643
0.01,1000.0,0.0001,0.9940670241360037
0.0001,100.0,0.0001,0.9943100871336662
