C,Epsilon,Omega,Kernel_alignment
0.0001,100.0,10.0,0.9257190503923766
0.1,10.0,10000.0,0.9402032419498979
0.0001,10.0,10000.0,0.924033717193312
0.1,1000.0,100.0,0.9290956275908023
0.0001,10.0,100.0,0.9302266935145395
0.0001,10.0,100.0,0.9285698774600992
0.0001,10.0,0.0001,0.9350571762429447
0.0001,100.0,10000.0,0.9341067606099962
0.1,10.0,10.0,0.9282220530266085
0.0001,10.0,1.0,0.9294166542217498
