C,Epsilon,Omega,Kernel_alignment
0.1,1000.0,0.0001,0.6351749276920072
0.1,1000.0,0.0001,0.685959047052528
0.001,10000.0,0.0001,0.6132496520253056
0.0001,10000.0,0.0001,0.6172714283432587
0.0001,1000.0,0.0001,0.6080135514670946
0.0001,1000.0,0.0001,0.6043201124328674
0.001,1000.0,0.0001,0.6239542228780097
0.1,1000.0,0.0001,0.613573084469964
0.1,10000.0,0.0001,0.6562527900181582
0.1,100.0,0.0001,0.598863349085438
