C,Epsilon,Omega,Kernel_alignment
0.01,10.0,0.001,0.9008520929760764
0.0001,10000.0,10.0,0.8938248999084174
0.1,1000.0,0.1,0.8882773276778966
0.1,1000.0,0.001,0.8918477084501275
0.01,1000.0,0.1,0.8989238631411279
0.1,100.0,0.1,0.8880805380041946
0.0001,1000.0,0.001,0.8901324892795461
0.1,10.0,10.0,0.88764742011074
0.0001,1000.0,10.0,0.9012386621112617
0.001,100.0,0.1,0.9059874064544882
