C,Epsilon,Omega,Kernel_alignment
0.0001,100.0,0.0001,0.9200716661782956
0.0001,10000.0,0.0001,0.9253241562881352
0.1,10000.0,0.0001,0.9208983510118142
0.1,1000.0,0.0001,0.9257633803560521
0.01,10.0,0.0001,0.9251263724009308
0.0001,10.0,0.0001,0.9218811560441109
0.0001,10.0,0.0001,0.9223130735833168
0.1,10.0,0.0001,0.9155337137542737
0.1,1000.0,0.0001,0.9231362474867207
0.0001,10000.0,0.0001,0.9164911152737009
