C,Epsilon,Omega,Kernel_alignment
0.0001,10000.0,0.0001,0.92734525310877
0.1,10000.0,0.0001,0.9182498191214713
0.0001,10.0,0.0001,0.9242819138049678
0.0001,10.0,0.0001,0.9337779192203887
0.001,10000.0,0.0001,0.9233169299758499
0.0001,10000.0,0.0001,0.9336329366785658
0.0001,1000.0,0.0001,0.9234970998380647
0.0001,100.0,0.0001,0.9236079128769346
0.0001,100.0,0.0001,0.9288852246914467
0.1,100.0,0.0001,0.9219724564945473
