C,Epsilon,Omega,Kernel_alignment
0.0001,10.0,10.0,0.7882774641665209
0.1,10.0,0.001,0.7815661396615939
0.1,100.0,0.01,0.7886981216605444
0.1,100.0,10000.0,0.7853048693028047
0.0001,100.0,10000.0,0.7884980487183626
0.0001,10.0,10000.0,0.7817409975659391
0.1,10.0,0.0001,0.7852130680458499
0.1,10.0,10000.0,0.782227281051174
0.1,10.0,10000.0,0.7875687267547545
0.0001,100.0,0.01,0.7645347020199794
