C,Epsilon,Omega,Kernel_alignment
0.0001,1000.0,10000.0,0.6274480809267979
0.1,1000.0,0.0001,0.7281190808988696
0.0001,100.0,100.0,0.7138029236488344
0.0001,1000.0,10000.0,0.6285519736367523
0.0001,100.0,100.0,0.7176719448007906
0.0001,1000.0,10000.0,0.6466698067438402
0.1,100.0,100.0,0.7418634170021593
0.0001,1000.0,1000.0,0.6695463283849732
0.0001,100.0,100.0,0.7217176906952254
0.0001,1000.0,10000.0,0.6423652993357937
