C,Epsilon,Omega,Kernel_alignment
0.0001,1000.0,100.0,0.6614146643428608
0.0001,1000.0,1000.0,0.6045605856373075
0.0001,1000.0,100.0,0.6466447926415967
0.0001,100.0,1000.0,0.5880829598531576
0.0001,100.0,1.0,0.6464209950514701
0.0001,100.0,1000.0,0.6047239066798685
0.0001,10000.0,10.0,0.6326257435017342
0.1,1000.0,100.0,0.6542300096364495
0.0001,1000.0,1000.0,0.580800490840422
0.1,100.0,0.0001,0.6664362321635484
