C,Epsilon,Omega,Kernel_alignment
0.0001,100.0,10000.0,0.7089188801519135
0.001,100.0,10000.0,0.7123315836883882
0.1,10.0,1000.0,0.737671503469404
0.0001,100.0,10000.0,0.6986534434774272
0.1,10.0,10000.0,0.7252534392721532
0.1,100.0,10000.0,0.7055884479387823
0.1,10.0,10000.0,0.7051170180031902
0.0001,10.0,10000.0,0.7004436971092768
0.0001,100.0,10000.0,0.7212042659473147
0.1,100.0,10000.0,0.7051650119378033
