C,Epsilon,Omega,Kernel_alignment
0.0001,100.0,1000.0,0.7518739018836673
0.1,100.0,10000.0,0.7256284902739174
0.01,100.0,1000.0,0.7623869808136463
0.0001,100.0,0.0001,0.7975973767115055
0.1,100.0,10000.0,0.7382488600640905
0.0001,100.0,1000.0,0.7302031858843394
0.1,100.0,10000.0,0.7426229777623375
0.0001,100.0,1000.0,0.7464776251609697
0.0001,100.0,100.0,0.7898994388798161
0.1,100.0,10000.0,0.7436921984631908
