C,Epsilon,Omega,Kernel_alignment
0.0001,1000.0,100.0,0.6830869655792963
0.0001,1000.0,100.0,0.6528472986004864
0.1,1000.0,10.0,0.6963517671649445
0.0001,1000.0,100.0,0.6789164922642738
0.1,1000.0,100.0,0.669927509123866
0.0001,1000.0,100.0,0.6911500067212709
0.0001,1000.0,100.0,0.6745214344991775
0.0001,1000.0,10.0,0.678530602961399
0.1,1000.0,1.0,0.689343577218058
0.1,1000.0,100.0,0.6968799729077102
