C,Epsilon,Omega,Kernel_alignment
0.0001,10.0,100.0,0.8121499281482656
0.0001,10.0,1000.0,0.7589164822567095
0.0001,10.0,100.0,0.8006295084141398
0.001,10.0,100.0,0.8006548622274171
0.0001,10.0,1000.0,0.7624620100676135
0.1,100.0,100.0,0.7935308259518299
0.1,100.0,100.0,0.8165679055643481
0.1,10.0,1000.0,0.7616071378337586
0.1,10.0,100.0,0.7972439085988198
0.0001,10.0,100.0,0.8094525331782305
