C,Epsilon,Omega,Kernel_alignment
0.0001,1000.0,10.0,0.7804379879069003
0.1,1000.0,100.0,0.7561083677099718
0.0001,100.0,1000.0,0.7339731725705133
0.0001,1000.0,100.0,0.7602178456192878
0.1,1000.0,100.0,0.7688427435163778
0.0001,100.0,0.0001,0.7568244466970091
0.0001,100.0,1000.0,0.7303579806784701
0.0001,1000.0,100.0,0.7543240103804574
0.0001,1000.0,100.0,0.7830409711009904
0.0001,1000.0,100.0,0.7597730889395585
