C,Epsilon,Omega,Kernel_alignment
0.1,100.0,10000.0,0.7385291701623123
0.0001,100.0,10000.0,0.7144309298201154
0.0001,10.0,10000.0,0.7233653447182834
0.1,10.0,10000.0,0.7284956215557383
0.0001,10.0,10000.0,0.728453747719159
0.1,10.0,1000.0,0.7688951688454142
0.1,100.0,10000.0,0.7352148419179861
0.1,100.0,1000.0,0.7547808938131272
0.0001,10.0,100.0,0.7913951548749798
0.1,100.0,10000.0,0.7106726186837449
