C,Epsilon,Omega,Kernel_alignment
0.0001,100.0,0.0001,0.5857990556029482
0.1,100.0,0.0001,0.5274252001219806
0.1,100.0,100.0,0.5884504770674953
0.1,100.0,0.001,0.5749068952537006
0.0001,1000.0,1000.0,0.5161990671628294
0.1,100.0,0.0001,0.5634036428538587
0.001,1000.0,1000.0,0.5026012223075037
0.1,100.0,0.001,0.5291691365318606
0.1,100.0,0.0001,0.5142581600480342
0.1,100.0,0.0001,0.5413671520378606
