C,Epsilon,Omega,Kernel_alignment
0.0001,0.1,10000.0,0.7955520212360372
0.0001,0.1,10.0,0.8498769963905735
0.01,0.1,1.0,0.8509530610961378
0.01,0.1,1.0,0.8337849733765593
0.0001,1.0,0.1,0.8456304617611307
0.0001,0.1,1000.0,0.8057739768676225
0.0001,0.1,1000.0,0.8060506070133688
0.0001,0.1,1000.0,0.7993372979802285
0.0001,1.0,1.0,0.8488672613363579
0.0001,0.1,10000.0,0.7858271357637931
