C,Epsilon,Omega,Kernel_alignment
0.0001,100.0,1.0,0.8998231932440207
0.0001,100.0,1.0,0.8871878633476242
0.0001,100.0,0.1,0.8926193209927785
0.0001,100.0,0.001,0.8995377106298382
0.001,100.0,0.01,0.8960885056260599
0.0001,100.0,0.01,0.8868944146639877
0.0001,100.0,0.0001,0.9007489905098189
0.001,100.0,0.0001,0.9051882042152399
0.1,100.0,1.0,0.8910949600598245
0.01,1000.0,1.0,0.9071003143753048
