C,Epsilon,Omega,Kernel_alignment
0.1,1.0,0.0001,0.6380314892641061
0.0001,100.0,0.0001,0.6333790452781659
0.0001,1.0,0.0001,0.6290803900767452
0.01,100.0,0.0001,0.6272309771347243
0.0001,1.0,0.0001,0.6240570704260359
0.0001,0.1,0.0001,0.6165203433142691
0.0001,1.0,0.0001,0.6189284437509597
0.1,0.1,0.0001,0.6368302813549686
0.1,1.0,0.0001,0.616036668023595
0.1,1.0,0.0001,0.63319386096874
