C,Epsilon,Omega,Kernel_alignment
0.0001,10.0,1000.0,0.3851275240863715
0.0001,10.0,100.0,0.3670072188862688
0.0001,10.0,100.0,0.4194656900320005
0.0001,10.0,1000.0,0.4000604783565882
0.0001,10.0,1000.0,0.3712743496660135
0.0001,10.0,1000.0,0.3575842491914222
0.0001,10.0,10.0,0.4129866156624239
0.0001,10.0,100.0,0.39169096933922404
0.0001,10.0,100.0,0.40033098089788755
0.0001,10.0,1000.0,0.39989791698692034
