C,Epsilon,Omega,Kernel_alignment
0.0001,10.0,100.0,0.5050950237123308
0.0001,10.0,1000.0,0.4711402245429294
0.0001,10.0,1000.0,0.47045152954905883
0.0001,10.0,1000.0,0.47802354057728313
0.0001,10.0,1000.0,0.4540846690063219
0.0001,10.0,1000.0,0.47245838979452814
0.0001,10.0,1000.0,0.4886199214112987
0.0001,10.0,1000.0,0.48563740805220257
0.0001,10.0,100.0,0.47745652133185046
0.1,10.0,1.0,0.5148052132860005
