C,Epsilon,Omega,Kernel_alignment
0.001,10.0,1.0,0.43231843363187455
0.0001,10.0,100.0,0.40355080030586615
0.0001,10.0,1000.0,0.37235142817772343
0.0001,1.0,10.0,0.43065355370355063
0.0001,10.0,1000.0,0.3665790922167019
0.0001,10.0,1000.0,0.39343230670901547
0.0001,10.0,1000.0,0.3985677723154831
0.0001,10.0,100.0,0.38873860514473
0.0001,10.0,1000.0,0.39053877981989404
0.0001,10.0,100.0,0.3721208417712804
