C,Epsilon,Omega,Kernel_alignment
0.0001,1000.0,1000.0,0.6111793077576856
0.0001,1000.0,1000.0,0.6242589391956855
0.0001,1000.0,1000.0,0.6098897524428633
0.0001,1000.0,100.0,0.6319871923825902
0.0001,1000.0,100.0,0.6525744518658492
0.1,1000.0,100.0,0.6324001599253699
0.0001,1000.0,0.1,0.6329951065750407
0.0001,1000.0,1000.0,0.6068807800959812
0.1,1000.0,100.0,0.6337550512746483
0.0001,1000.0,100.0,0.6570448697218781
