C,Epsilon,Omega,Kernel_alignment
0.1,10000.0,10.0,0.7575304010984948
0.0001,10000.0,100.0,0.7576203241285575
0.0001,10000.0,100.0,0.7555895763132412
0.0001,10000.0,100.0,0.754217576570036
0.1,1000.0,10.0,0.762262275092553
0.1,10000.0,1.0,0.7691988247044925
0.1,10000.0,100.0,0.7588313915808302
0.01,1000.0,100.0,0.7622569862985212
0.1,10000.0,10.0,0.7712300921872093
0.1,1000.0,10.0,0.7647684599552625
