C,Epsilon,Omega,Kernel_alignment
0.0001,10.0,100.0,0.8949096049847167
0.0001,100.0,1000.0,0.8912258433682908
0.0001,100.0,1000.0,0.8882099111223318
0.0001,100.0,1000.0,0.8870083216105986
0.0001,10.0,10.0,0.9047455118913674
0.0001,10.0,1000.0,0.888674222074174
0.0001,10.0,1000.0,0.8910697084127296
0.0001,10.0,1000.0,0.8912118785696145
0.0001,10.0,1000.0,0.8923485231926633
0.0001,10.0,1000.0,0.8933008106350127
