C,Epsilon,Omega,Kernel_alignment
0.1,100.0,100.0,0.8910566849154027
0.1,100.0,100.0,0.8836784308277478
0.1,100.0,100.0,0.8798560711662154
0.1,100.0,100.0,0.887688877517653
0.1,100.0,10.0,0.8810022811043589
0.1,100.0,100.0,0.8768406103303191
0.1,100.0,1000.0,0.8817444917878396
0.1,10.0,10.0,0.8901538083599806
0.1,100.0,100.0,0.8787338029620857
0.0001,100.0,100.0,0.875001594784895
