C,Epsilon,Omega,Kernel_alignment
0.0001,10.0,0.001,0.9320594451451747
0.0001,100.0,1000.0,0.9269952603306493
0.0001,10.0,1.0,0.9334321558978831
0.0001,1000.0,100.0,0.9233727325114822
0.001,1000.0,1000.0,0.9181190304459146
0.0001,10.0,1.0,0.9298783830461939
0.1,1000.0,1000.0,0.9241413793164718
0.1,1000.0,1000.0,0.9234108198138693
0.0001,100.0,100.0,0.9212838587963996
0.0001,100.0,1000.0,0.9180009116220051
