C,Epsilon,Omega,Kernel_alignment
0.01,10000.0,10.0,0.7706713224186004
0.0001,1000.0,100.0,0.763191285499664
0.1,10000.0,100.0,0.7757806979538282
0.1,1000.0,100.0,0.7757760855766054
0.0001,1000.0,100.0,0.7633511061352724
0.1,1000.0,100.0,0.7692766253173092
0.1,1000.0,100.0,0.7643123193375864
0.0001,1000.0,100.0,0.7686360262643194
0.0001,1000.0,100.0,0.7605499815632937
0.0001,1000.0,100.0,0.763550829320201
