C,Epsilon,Omega,Kernel_alignment
0.001,1000.0,100.0,0.8785450451200654
0.0001,1000.0,10.0,0.8843673809496416
0.1,1000.0,100.0,0.8826466946872442
0.1,100.0,10.0,0.8939766844590662
0.1,1000.0,100.0,0.8798789821356642
0.1,1000.0,100.0,0.8771229434641086
0.1,1000.0,100.0,0.8804800335709104
0.0001,1000.0,1.0,0.886810260003339
0.1,1000.0,100.0,0.8789861862647255
0.1,1000.0,10.0,0.8848062541545482
