C,Epsilon,Omega,Kernel_alignment
0.1,100.0,100.0,0.9187238987078881
0.01,100.0,0.001,0.921346698942944
0.0001,100.0,1000.0,0.9136522951554401
0.1,100.0,100.0,0.9213989088586989
0.0001,100.0,100.0,0.9169154615636876
0.0001,100.0,1000.0,0.9164334464716118
0.1,100.0,100.0,0.9185657102133766
0.0001,100.0,1.0,0.9257899054157016
0.0001,100.0,1000.0,0.9177898481727643
0.0001,100.0,1000.0,0.919527729732172
