C,Epsilon,Omega,Kernel_alignment
0.0001,10.0,100.0,0.3803745007692317
0.0001,10.0,1000.0,0.4173030311043164
0.0001,10.0,1000.0,0.41446164165453736
0.0001,10.0,1000.0,0.39576265233367747
0.0001,10.0,1000.0,0.40985189944064665
0.0001,10.0,10.0,0.39205404003390654
0.0001,10.0,100.0,0.3895849408662172
0.001,10.0,1000.0,0.3837974765885182
0.0001,10.0,1000.0,0.39075443767216855
0.0001,10.0,1000.0,0.4025329566452171
