C,Epsilon,Omega,Kernel_alignment
0.0001,10.0,100.0,0.3599722062379779
0.0001,10.0,100.0,0.4018252963962037
0.0001,10.0,100.0,0.37112081396486185
0.0001,10.0,0.1,0.37824879829798397
0.0001,10.0,10.0,0.362650482945746
0.0001,10.0,100.0,0.3987975319059998
0.0001,10.0,0.01,0.401973214168294
0.0001,10.0,1.0,0.40866425020343883
0.0001,10.0,100.0,0.3977823009659823
0.0001,10.0,10.0,0.3971495070589739
