C,Epsilon,Omega,Kernel_alignment
0.0001,1000.0,0.0001,0.9818931043204822
0.1,10000.0,0.0001,0.9822111373019321
0.0001,1000.0,0.0001,0.9822131321644911
0.1,10000.0,0.0001,0.9826669372688945
0.1,10000.0,0.0001,0.9821171735357082
0.1,10000.0,0.0001,0.9819952790384422
0.1,10000.0,0.0001,0.9821107752725531
0.1,10000.0,0.0001,0.9827514706295204
0.0001,10000.0,0.0001,0.9828182185618181
0.0001,10000.0,0.0001,0.9828767444935522
