C,Epsilon,Omega,Kernel_alignment
0.1,100.0,0.0001,0.7412842689927219
0.1,100.0,0.0001,0.7421172992299341
0.1,100.0,0.0001,0.7324091255343883
0.1,100.0,0.0001,0.7323475092442249
0.1,100.0,0.0001,0.7596097298346554
0.0001,100.0,0.0001,0.7400738378384906
0.1,100.0,0.0001,0.7324013382156745
0.0001,100.0,0.0001,0.7372057775021221
0.0001,10000.0,0.0001,0.7501599102657122
0.0001,1000.0,0.0001,0.7296017855243184
