C,Epsilon,Omega,Kernel_alignment
0.0001,1000.0,100.0,0.7711830427679871
0.0001,10000.0,1.0,0.7692086323857029
0.0001,10000.0,1000.0,0.7888443177793631
0.0001,1000.0,1000.0,0.7630898804481431
0.0001,10000.0,100.0,0.7691008079508068
0.0001,10000.0,10.0,0.7753088515388663
0.0001,1000.0,1000.0,0.7753190865364338
0.1,1000.0,100.0,0.7784573085667368
0.1,1000.0,100.0,0.7542626796805341
0.0001,1000.0,1.0,0.8044298666840773
