C,Epsilon,Omega,Kernel_alignment
0.1,1000.0,100.0,0.6172738810870857
0.0001,1000.0,100.0,0.6397351626384277
0.0001,1000.0,100.0,0.6200490283559029
0.1,10000.0,10.0,0.6067511606365282
0.1,1000.0,10.0,0.5865016664970971
0.1,1000.0,100.0,0.6042771172950951
0.1,1000.0,100.0,0.5805929741170892
0.1,1000.0,10.0,0.6065365360130829
0.0001,1000.0,1000.0,0.6189694018861961
0.1,10000.0,10.0,0.6741972433273766
