C,Epsilon,Omega,Kernel_alignment
0.1,1000.0,100.0,0.558273731509851
0.1,1000.0,100.0,0.6350397884013097
0.0001,1000.0,10.0,0.6344752201732361
0.0001,1000.0,100.0,0.5954590536666116
0.1,1000.0,100.0,0.6313992714926763
0.0001,1000.0,1000.0,0.625497059311625
0.0001,1000.0,10.0,0.6488533154632092
0.0001,1000.0,1000.0,0.6084700412133898
0.0001,1000.0,1000.0,0.6170432902487665
0.1,1000.0,1000.0,0.6560809610412005
