C,Epsilon,Omega,Kernel_alignment
0.01,100.0,0.01,0.8010906461402073
0.01,10.0,100.0,0.7882519034632542
0.01,10.0,100.0,0.7944185945013882
0.0001,10.0,10.0,0.7913064309291228
0.0001,10.0,100.0,0.7917674162357589
0.0001,10.0,100.0,0.7754472083165328
0.0001,10.0,100.0,0.7874577931561365
0.0001,10.0,1000.0,0.801144950942661
0.0001,10.0,100.0,0.7769312210314716
0.0001,1.0,0.1,0.7892823433175612
