C,Epsilon,Omega,Kernel_alignment
0.001,10.0,1000.0,0.7836870642001122
0.0001,10.0,1000.0,0.7763935926024862
0.01,10.0,100.0,0.7912459539350437
0.001,10.0,100.0,0.7671033857945986
0.0001,10.0,1000.0,0.7787245140947431
0.0001,10.0,1000.0,0.7665810446306682
0.0001,10.0,1000.0,0.8008283484953708
0.0001,10.0,1000.0,0.7702015320009142
0.0001,10.0,1000.0,0.7779627793457036
0.0001,10.0,1000.0,0.7640895895870301
