C,Epsilon,Omega,Kernel_alignment
0.0001,10000.0,100.0,0.7609405726372813
0.001,10000.0,10.0,0.737663665407485
0.0001,10000.0,10.0,0.7560785609780484
0.1,10000.0,10.0,0.7592253377839419
0.0001,10000.0,100.0,0.7696757016061972
0.1,10000.0,100.0,0.7538788410644769
0.1,1000.0,10.0,0.7540857664541777
0.0001,1000.0,10.0,0.7836387201944074
0.1,10000.0,100.0,0.7613037099832844
0.0001,10000.0,100.0,0.770530773116166
