C,Epsilon,Omega,Kernel_alignment
0.0001,10.0,10.0,0.29084517750239675
0.0001,10.0,0.0001,0.3544130498673258
0.01,1.0,0.001,0.3741092630721809
0.01,10.0,0.01,0.3614394081730364
0.0001,10.0,100.0,0.33488429590355423
0.0001,10.0,100.0,0.3312278553203752
0.0001,10.0,0.0001,0.3700679428429144
0.0001,10.0,100.0,0.3892913407442421
0.0001,10.0,100.0,0.3293691750626506
0.0001,10.0,0.1,0.38829187349952293
