C,Epsilon,Omega,Kernel_alignment
0.1,1000.0,100.0,0.7818412192342484
0.0001,10000.0,10.0,0.7705997102102067
0.0001,1000.0,100.0,0.7610087493117533
0.0001,10000.0,100.0,0.7616675138066917
0.0001,1000.0,100.0,0.7690650793582593
0.0001,1000.0,100.0,0.7667312470350787
0.0001,10000.0,0.0001,0.7834756778443587
0.001,1000.0,100.0,0.7821204709527394
0.0001,1000.0,100.0,0.7555235443800244
0.0001,10000.0,100.0,0.7735706037297746
