C,Epsilon,Omega,Kernel_alignment
0.1,10000.0,10.0,0.8839811925608754
0.1,1000.0,100.0,0.8700148196093312
0.1,100.0,100.0,0.8868588030166902
0.1,1000.0,100.0,0.8790691850050156
0.0001,1000.0,1.0,0.8951887381962517
0.1,1000.0,100.0,0.8854505918682617
0.1,1000.0,100.0,0.8859575739492499
0.0001,10000.0,10.0,0.8870575936710017
0.1,1000.0,10.0,0.8933104581099945
0.0001,10000.0,1.0,0.890108116962135
