C,Epsilon,Omega,Kernel_alignment
0.01,10.0,100.0,0.8908213404731704
0.0001,10.0,1000.0,0.8840094998706347
0.0001,100.0,1000.0,0.8829949108080153
0.0001,100.0,1000.0,0.8991198768233525
0.0001,10.0,1000.0,0.8997522077673296
0.0001,10.0,1000.0,0.8901418111574941
0.0001,100.0,100.0,0.901891956442161
0.0001,10.0,1000.0,0.884331495206857
0.0001,100.0,1000.0,0.8865624617162664
0.0001,100.0,1000.0,0.885101993980202
