C,Epsilon,Omega,Kernel_alignment
0.0001,1000.0,1.0,0.9307844581744231
0.1,1000.0,100.0,0.9246825351679547
0.1,1000.0,10000.0,0.92273940162347
0.001,1000.0,10000.0,0.9243952042528112
0.0001,1000.0,1000.0,0.9236776406675071
0.0001,10.0,10.0,0.9354364652679407
0.1,1000.0,1000.0,0.9179362037422012
0.1,1000.0,1000.0,0.9249268273191609
0.0001,10000.0,10.0,0.9284309133839045
0.0001,1000.0,10000.0,0.9220689916983273
