C,Epsilon,Omega,Kernel_alignment
0.0001,10000.0,0.01,0.6467770997901825
0.1,1000.0,100.0,0.6561697249120128
0.0001,1000.0,100.0,0.6467017403201302
0.0001,1000.0,0.0001,0.64636253843812
0.0001,1000.0,100.0,0.6527524272793285
0.1,1000.0,100.0,0.6123546298896883
0.01,100.0,100.0,0.6544533142554467
0.1,100.0,100.0,0.6518359749511172
0.0001,1000.0,100.0,0.64196817539736
0.1,1000.0,100.0,0.6436289180676781
