C,Epsilon,Omega,Kernel_alignment
0.0001,100.0,10.0,0.9237681077817615
0.0001,100.0,10.0,0.9222266887551397
0.1,1000.0,10.0,0.93021484124266
0.1,100.0,100.0,0.9185702621796679
0.1,1000.0,10.0,0.9276121182703804
0.0001,100.0,100.0,0.9146992160324527
0.0001,100.0,100.0,0.9165781015686502
0.1,10.0,0.0001,0.9262624702859154
0.0001,1000.0,100.0,0.9191879263061015
0.0001,100.0,100.0,0.9130044026426316
