C,Epsilon,Omega,Kernel_alignment
0.0001,10.0,10.0,0.29169801556078073
0.0001,10.0,1.0,0.3382379519725292
0.0001,1.0,10.0,0.36483469854897616
0.0001,10.0,10.0,0.3805342551160718
0.001,1.0,10.0,0.39355599496661664
0.0001,1.0,10.0,0.2906556653079031
0.0001,10.0,100.0,0.39283613200753353
0.0001,1.0,0.0001,0.3414749076468894
0.0001,1.0,10.0,0.333637455492301
0.0001,1.0,10.0,0.31743600070690975
