C,Epsilon,Omega,Kernel_alignment
0.0001,10.0,1000.0,0.5121404580084119
0.0001,10.0,100.0,0.553203638050214
0.0001,1.0,10.0,0.5724621709498925
0.0001,10.0,1.0,0.567802234970683
0.1,1.0,10.0,0.5409063671187931
0.0001,1.0,0.001,0.5570551514929362
0.1,1.0,1.0,0.5652304624742358
0.01,10.0,10.0,0.5706320680031909
0.1,10.0,0.1,0.5670862516578812
0.0001,10.0,10.0,0.5468208595831129
