C,Epsilon,Omega,Kernel_alignment
0.0001,10.0,1000.0,0.3870313371970357
0.0001,10.0,1000.0,0.4204086377389085
0.0001,10.0,1000.0,0.38438851332495383
0.0001,1.0,100.0,0.4798676733340281
0.0001,1.0,0.01,0.47446758993227867
0.0001,10.0,100.0,0.46780066388623903
0.0001,10.0,1000.0,0.3907715993472365
0.0001,10.0,1000.0,0.4185801123411983
0.0001,10.0,1000.0,0.4376977245512069
0.0001,10.0,1000.0,0.38334896446226774
