C,Epsilon,Omega,Kernel_alignment
0.0001,10.0,10.0,0.25033258371931383
0.0001,10.0,1.0,0.23681472615791846
0.0001,10.0,0.1,0.2297606802893859
0.0001,10.0,0.01,0.2307464698873939
0.0001,10.0,0.0001,0.25320381973887324
0.0001,10.0,0.0001,0.23422606774862192
0.0001,1.0,10.0,0.25227775754988974
0.0001,10.0,1.0,0.2420825867915195
0.0001,10.0,0.01,0.21354210534130566
0.0001,10.0,1.0,0.23535124487297096
