C,Epsilon,Omega,Kernel_alignment
0.1,100.0,0.0001,0.6098991861360423
0.1,100.0,0.0001,0.6093303987105391
0.1,10.0,0.0001,0.6050312743612368
0.1,100.0,0.0001,0.6090312914957373
0.0001,100.0,0.0001,0.6244185998723872
0.01,10.0,0.0001,0.6356097313932395
0.1,10.0,0.0001,0.631924928995489
0.01,100.0,0.0001,0.6034927170664237
0.1,100.0,0.0001,0.6029294568312601
0.1,1000.0,0.0001,0.6263227321071659
