C,Epsilon,Omega,Kernel_alignment
0.0001,10.0,0.0001,0.6444505108915355
0.0001,0.01,0.0001,0.6147417291198298
0.1,10.0,0.0001,0.6294406734825906
0.1,10.0,0.0001,0.6156851594191752
0.1,10.0,0.0001,0.6253546573395655
0.0001,10.0,0.0001,0.6296778647854925
0.0001,10.0,0.0001,0.6244371421245006
0.1,10.0,0.0001,0.6170147661514422
0.1,10.0,0.0001,0.6199833402270138
0.1,10.0,0.0001,0.6299408154107139
