C,Epsilon,Omega,Kernel_alignment
0.1,10.0,0.001,0.67554886733917
0.0001,1.0,0.0001,0.6851251423798264
0.0001,10.0,0.001,0.6680932914179439
0.1,100.0,0.001,0.683167016242647
0.0001,1.0,0.01,0.6697370566159576
0.1,100.0,10000.0,0.6992121986492137
0.1,1.0,0.0001,0.6785860880809582
0.1,10.0,10000.0,0.6810799929316362
0.1,100.0,100.0,0.6776514200391033
0.0001,1.0,0.0001,0.6864306841950665
