C,Epsilon,Omega,Kernel_alignment
0.1,100.0,10000.0,0.7130450983454913
0.0001,100.0,10000.0,0.7008182561545299
0.1,10.0,0.01,0.7146115796213176
0.0001,10.0,10000.0,0.7049797507126073
0.0001,10.0,10000.0,0.7047236238068589
0.0001,100.0,10000.0,0.7120241835035693
0.1,100.0,10000.0,0.7009606971345843
0.0001,10.0,0.001,0.7122633074784087
0.0001,10.0,0.0001,0.6996408628436975
0.0001,10.0,100.0,0.6985838763524042
