C,Epsilon,Omega,Kernel_alignment
0.0001,1.0,0.0001,0.6864649733042827
0.1,1.0,0.0001,0.6699168369539465
0.001,1.0,0.0001,0.6951347190928874
0.1,1.0,0.0001,0.6941125345783888
0.0001,1.0,0.0001,0.6541581512027432
0.1,10.0,0.0001,0.6896761469994449
0.1,1.0,0.0001,0.6650719889514314
0.1,10.0,0.0001,0.6374316085187127
0.1,1.0,0.0001,0.6653005309690403
0.0001,1.0,0.0001,0.6930015758959781
