C,Epsilon,Omega,Kernel_alignment
0.0001,10000.0,0.0001,0.4923508654358308
0.0001,10000.0,0.0001,0.5491513388096431
0.0001,10000.0,0.0001,0.4820790738871992
0.1,100.0,0.0001,0.47873061458589417
0.0001,100.0,0.0001,0.503216907923499
0.0001,10000.0,0.0001,0.5402044842361882
0.1,100.0,0.0001,0.4947765495054009
0.0001,10000.0,0.0001,0.4790507592750355
0.0001,1000.0,0.0001,0.47918143316965606
0.1,10000.0,0.0001,0.5428469007746443
