C,Epsilon,Omega,Kernel_alignment
0.1,100.0,0.0001,0.6371778471269227
0.0001,10.0,0.0001,0.6072242877731525
0.1,100.0,0.0001,0.6085598624279189
0.1,1000.0,0.0001,0.6006708392263262
0.0001,100.0,0.0001,0.595028479782087
0.1,1000.0,0.0001,0.6386706548872251
0.1,100.0,0.0001,0.5957988198399644
0.0001,100.0,0.0001,0.634821776717457
0.1,1000.0,0.0001,0.6384764981366675
0.0001,0.01,0.0001,0.6193642222422107
