C,Epsilon,Omega,Kernel_alignment
0.0001,10.0,1000.0,0.7264908544056956
0.0001,100.0,10000.0,0.7018103964157494
0.1,10.0,1000.0,0.7141530413311628
0.1,10.0,1000.0,0.7214316624057947
0.0001,100.0,1000.0,0.7336984366771034
0.0001,10.0,1000.0,0.7387987603487136
0.0001,10.0,1000.0,0.7218970647559155
0.0001,100.0,1000.0,0.7301943382553836
0.0001,10.0,1000.0,0.7337899291145246
0.0001,10.0,1000.0,0.7287004303913125
