C,Epsilon,Omega,Kernel_alignment
0.0001,10.0,1000.0,0.7416339703633035
0.0001,10.0,10000.0,0.7064704509177376
0.0001,10.0,1000.0,0.7431118716215677
0.0001,10.0,1000.0,0.7474518916596472
0.0001,10.0,1000.0,0.7487943666779562
0.01,10.0,1000.0,0.7561015092241795
0.0001,10.0,1000.0,0.730574536446076
0.0001,10.0,10000.0,0.7068508513718469
0.0001,10.0,1000.0,0.7566212036242881
0.0001,10.0,1000.0,0.7499155750458333
