C,Epsilon,Omega,Kernel_alignment
0.001,1000.0,10000.0,0.6583367211925659
0.0001,1000.0,10000.0,0.6706979972186262
0.1,1000.0,10000.0,0.6622664716283675
0.0001,1000.0,10000.0,0.6671805392723712
0.1,100.0,1000.0,0.7112294624081483
0.1,1000.0,1000.0,0.714135347203398
0.0001,1000.0,10000.0,0.6624276492126885
0.1,100.0,10.0,0.7619467288213736
0.0001,1000.0,100.0,0.7685122173023733
0.1,1000.0,10000.0,0.6549927014304165
