C,Epsilon,Omega,Kernel_alignment
0.0001,10.0,100.0,0.2986853893152405
0.0001,10.0,100.0,0.29535755013140313
0.0001,10.0,100.0,0.2975965361321808
0.0001,10.0,1.0,0.31366346462029476
0.0001,10.0,100.0,0.28608848790986163
0.0001,10.0,100.0,0.3030664766054654
0.0001,1.0,0.001,0.32753552720899237
0.0001,1.0,10.0,0.3258788871178086
0.0001,10.0,100.0,0.3064442820544236
0.1,10.0,0.001,0.31282950018842987
