C,Epsilon,Omega,Kernel_alignment
0.0001,10.0,10.0,0.24738413563128495
0.0001,10.0,100.0,0.2455959189065056
0.0001,10.0,1.0,0.3343164495637614
0.0001,10.0,100.0,0.2599138419921888
0.0001,10.0,10.0,0.2291806035161536
0.0001,10.0,10.0,0.24295242081557972
0.0001,10.0,100.0,0.24219085210768135
0.0001,10.0,1000.0,0.25820240669387357
0.01,10.0,10.0,0.25955191535513383
0.01,10.0,1.0,0.285373639501084
