C,Epsilon,Omega,Kernel_alignment
0.0001,1.0,100.0,0.4309670552295736
0.01,10.0,100.0,0.3656649786566632
0.0001,10.0,100.0,0.45147273957486905
0.0001,1.0,100.0,0.4764220691027372
0.0001,10.0,1000.0,0.4134737538117361
0.0001,10.0,1000.0,0.41874311639743855
0.01,10.0,100.0,0.3365968654934881
0.0001,10.0,1000.0,0.45814918479784256
0.0001,10.0,1000.0,0.41689262407988853
0.0001,10.0,100.0,0.4189418278520209
