C,Epsilon,Omega,Kernel_alignment
0.0001,10.0,1.0,0.3502623105371277
0.0001,1.0,0.1,0.3983122560014711
0.0001,1.0,10.0,0.37868617244609576
0.0001,10.0,10.0,0.3852065368661431
0.0001,1.0,100.0,0.38210903812136415
0.0001,10.0,10.0,0.39185850865628225
0.0001,10.0,1000.0,0.3352336564672404
0.0001,1.0,100.0,0.35249329894566184
0.0001,10.0,0.001,0.3636919016118302
0.0001,10.0,1000.0,0.3314655512501582
