C,Epsilon,Omega,Kernel_alignment
0.0001,10.0,1000.0,0.27846553327172086
0.0001,10.0,100.0,0.3502331733630124
0.0001,10.0,0.0001,0.323222544816648
0.0001,10.0,100.0,0.34897154663990215
0.0001,10.0,0.01,0.2944182872882708
0.0001,10.0,0.01,0.34009282044869266
0.0001,10.0,10.0,0.32665269035663497
0.0001,10.0,0.0001,0.27754674744778257
0.0001,10.0,10.0,0.3218492737242158
0.0001,10.0,1000.0,0.2842156707541057
