C,Epsilon,Omega,Kernel_alignment
0.0001,10.0,0.0001,0.3492414568194807
0.0001,10.0,100.0,0.34535605984209733
0.1,1.0,0.001,0.3555813644414487
0.0001,10.0,0.001,0.36042048113691827
0.0001,10.0,1.0,0.3361443824812194
0.0001,10.0,10.0,0.3576483136321614
0.0001,10.0,100.0,0.35881731464762207
0.0001,10.0,100.0,0.3602521162640335
0.01,10.0,0.0001,0.33555208792075586
0.0001,10.0,100.0,0.3478681225232508
