C,Epsilon,Omega,Kernel_alignment
0.01,10.0,1.0,0.3493434850705866
0.0001,10.0,100.0,0.3026641030426643
0.0001,10.0,1.0,0.37345170210243095
0.0001,10.0,0.1,0.32739511292852985
0.0001,10.0,100.0,0.33673760878874437
0.01,10.0,0.001,0.42766002380952395
0.0001,10.0,100.0,0.35078679538489294
0.0001,10.0,100.0,0.4056585305181228
0.0001,10.0,100.0,0.3613144587802671
0.0001,10.0,10.0,0.322136453951854
