C,Epsilon,Omega,Kernel_alignment
0.0001,1.0,0.0001,0.21681329792719653
0.0001,1.0,10.0,0.28259892090956074
0.0001,1.0,0.001,0.21475035507489254
0.0001,1.0,0.0001,0.23968996341400103
0.0001,1.0,0.001,0.27135529178190304
0.0001,1.0,0.01,0.2615545459069949
0.0001,1.0,0.0001,0.22597200598936698
0.0001,1.0,10.0,0.3075236979729923
0.0001,10.0,0.0001,0.24775074958403107
0.0001,1.0,0.0001,0.2663268683093206
