C,Epsilon,Omega,Kernel_alignment
0.01,1.0,10.0,0.3668644835180107
0.0001,1.0,0.1,0.334610959622861
0.01,1.0,0.001,0.36560808864678657
0.0001,1.0,0.001,0.32031580005921584
0.0001,1.0,0.0001,0.34280473823520796
0.0001,1.0,0.0001,0.33294679682548833
0.0001,1.0,10.0,0.37351860507001444
0.0001,10.0,0.01,0.3243573694877153
0.0001,10.0,0.1,0.366339764102644
0.0001,10.0,10.0,0.33120860360810744
