C,Epsilon,Omega,Kernel_alignment
0.0001,10.0,1.0,0.3350199108295306
0.0001,10.0,0.0001,0.3261669375243658
0.0001,10.0,10.0,0.32781241118629273
0.0001,10.0,10.0,0.31075250858696185
0.0001,10.0,10.0,0.3232762276825774
0.0001,10.0,1.0,0.3276907865512094
0.0001,10.0,1.0,0.3156414101595047
0.0001,10.0,1.0,0.3254404661864219
0.0001,10.0,10.0,0.33334616268075623
0.0001,10.0,10.0,0.31006159390397314
