C,Epsilon,Omega,Kernel_alignment
0.1,1000.0,100.0,0.7190754673122224
0.1,100.0,100.0,0.7273144494696882
0.0001,1000.0,100.0,0.7291066881731635
0.0001,1000.0,100.0,0.7398279606427502
0.0001,1000.0,100.0,0.7253110148925289
0.1,10000.0,0.0001,0.7416756838860891
0.0001,1000.0,1000.0,0.715214581319425
0.1,100.0,100.0,0.7206553743267937
0.1,100.0,100.0,0.7194201385588394
0.1,100.0,100.0,0.7172240844046206
