C,Epsilon,Omega,Kernel_alignment
0.0001,100.0,0.0001,0.440698849559927
0.0001,100.0,0.0001,0.431768351376292
0.1,1000.0,0.0001,0.427373778623783
0.1,100.0,0.0001,0.44458455466670194
0.0001,100.0,0.0001,0.4357196999184876
0.0001,100.0,0.0001,0.4295237072362853
0.1,100.0,0.0001,0.4648153665519353
0.1,100.0,0.0001,0.45492062249245657
0.1,100.0,0.0001,0.4450121621340946
0.0001,1000.0,0.0001,0.449716819707783
