C,Epsilon,Omega,Kernel_alignment
0.1,100.0,0.0001,0.4698851572846559
0.1,10.0,0.0001,0.45623312397922916
0.0001,100.0,0.0001,0.49314392327881507
0.01,10.0,0.0001,0.4555094327180764
0.0001,100.0,0.0001,0.4826857040120119
0.0001,10.0,0.0001,0.4417188426169062
0.0001,10.0,0.0001,0.4544001366677799
0.0001,100.0,0.0001,0.4692984936685006
0.1,100.0,0.0001,0.4884343219022735
0.0001,10.0,0.0001,0.4429843076561076
