C,Epsilon,Omega,Kernel_alignment
0.1,1000.0,0.0001,0.9815316450711467
0.1,10000.0,0.0001,0.9832583994671995
0.0001,100.0,0.0001,0.9820717485031948
0.1,100.0,0.0001,0.9825271370267671
0.0001,100.0,0.0001,0.9825206080483816
0.0001,10000.0,0.0001,0.9826995091799271
0.0001,100.0,0.0001,0.9821017481598079
0.0001,10.0,0.0001,0.982972888364271
0.1,1000.0,0.0001,0.982827020703817
0.0001,1000.0,0.0001,0.9822110991144433
