C,Epsilon,Omega,Kernel_alignment
0.0001,10.0,0.0001,0.8747606186273745
0.1,10000.0,0.0001,0.8710222736540677
0.0001,10.0,0.0001,0.8529211186832075
0.0001,1.0,0.0001,0.8626443061599
0.0001,1000.0,0.0001,0.8586168368669826
0.0001,10.0,0.0001,0.8607556816280701
0.0001,10.0,0.0001,0.8498268818777865
0.0001,1000.0,0.0001,0.862211844252266
0.0001,1000.0,0.0001,0.870860202841882
0.1,10.0,0.0001,0.8631795486822571
