C,Epsilon,Omega,Kernel_alignment
0.1,100.0,0.0001,0.5496624288353136
0.1,100.0,0.0001,0.569767165979171
0.1,100.0,0.0001,0.5547938638985721
0.01,1000.0,0.0001,0.5926914699883743
0.0001,100.0,0.0001,0.5166346206736584
0.0001,100.0,0.0001,0.5842915350445596
0.0001,100.0,0.0001,0.5632656225515857
0.1,100.0,0.0001,0.5623155934267308
0.1,100.0,0.0001,0.5574734248831856
0.1,100.0,0.0001,0.5427675498883894
