C,Epsilon,Omega,Kernel_alignment
0.1,100.0,10000.0,0.9231464807056524
0.0001,10.0,1.0,0.9252335671540742
0.1,10.0,10.0,0.932006459202675
0.01,1000.0,0.0001,0.9246771020033755
0.1,1000.0,0.1,0.9259360573846263
0.1,100.0,10000.0,0.9243274885936855
0.1,100.0,1000.0,0.9310313426565067
0.1,100.0,10000.0,0.9238629285579303
0.1,1000.0,10.0,0.9300067620197877
0.0001,10.0,10.0,0.93174976988285
