C,Epsilon,Omega,Kernel_alignment
0.0001,1000.0,10000.0,0.88537248811907
0.0001,10.0,1.0,0.8869135162647434
0.1,10.0,0.001,0.8920970841079956
0.0001,10.0,10000.0,0.8834967077110042
0.0001,10.0,10.0,0.8917264672446485
0.1,10.0,0.001,0.8814959134221051
0.1,10.0,10000.0,0.8798564577409165
0.1,100.0,0.0001,0.894313551489941
0.0001,10.0,100.0,0.8889831438063632
0.0001,10000.0,0.0001,0.8776182553193
