C,Epsilon,Omega,Kernel_alignment
0.0001,1000.0,0.0001,0.8748513321559215
0.0001,10000.0,0.0001,0.8778008566519614
0.0001,1000.0,0.0001,0.8719100898891458
0.1,1000.0,0.0001,0.8754782902767265
0.0001,10000.0,0.0001,0.8774320988457511
0.0001,100.0,0.0001,0.8826132225279034
0.0001,1000.0,0.0001,0.8836629592484374
0.1,1000.0,0.0001,0.8754192797222122
0.1,100.0,0.0001,0.8780619054870377
0.1,1000.0,0.0001,0.8813526908208102
