C,Epsilon,Omega,Kernel_alignment
0.0001,1000.0,0.0001,0.7734711049971684
0.0001,1000.0,0.0001,0.7601720498591961
0.1,1000.0,0.0001,0.7719938500161552
0.0001,1000.0,0.0001,0.7640002040684348
0.0001,10000.0,0.0001,0.7660712178642123
0.1,1000.0,0.0001,0.7642691062018517
0.1,1000.0,0.0001,0.7588365178802385
0.001,10000.0,0.0001,0.7565599078571876
0.0001,1000.0,0.0001,0.765129955716006
0.1,1000.0,0.0001,0.7639345747917657
