C,Epsilon,Omega,Kernel_alignment
0.0001,1000.0,0.0001,0.6222194031113721
0.1,1000.0,0.0001,0.6289709770796149
0.0001,1000.0,0.0001,0.6167615814811591
0.1,1000.0,0.0001,0.6339070869412572
0.0001,1000.0,0.0001,0.6158149623565135
0.0001,1000.0,0.0001,0.6283138452362892
0.1,1000.0,0.0001,0.6242144115411158
0.0001,10000.0,0.0001,0.6088834571411625
0.1,1000.0,0.0001,0.6230773338866457
0.0001,1000.0,0.0001,0.6201813306500225
