C,Epsilon,Omega,Kernel_alignment
0.0001,10.0,0.0001,0.8789060387431757
0.0001,100.0,0.0001,0.8916565189952098
0.0001,100.0,0.0001,0.8786575628374296
0.0001,100.0,0.0001,0.8817104973793519
0.0001,100.0,0.0001,0.8758001854050816
0.0001,100.0,0.0001,0.8823604552406307
0.0001,100.0,0.0001,0.8851165984431558
0.0001,100.0,0.0001,0.8942225349860502
0.0001,10.0,0.0001,0.8769665581393233
0.0001,100.0,0.0001,0.8880233531897761
