C,Epsilon,Omega,Kernel_alignment
0.1,1.0,100.0,0.43467171803587956
0.0001,1.0,100.0,0.44380772223810383
0.0001,1.0,1000.0,0.39744617575330443
0.0001,1.0,100.0,0.46950141639478843
0.0001,10.0,10000.0,0.32988414577950037
0.0001,10.0,10000.0,0.37054593592776724
0.0001,10.0,10000.0,0.3331370265701351
0.1,10.0,0.0001,0.4959099936349113
0.1,1.0,0.0001,0.46899861153943107
0.0001,1.0,10.0,0.4941363653599815
