C,Epsilon,Omega,Kernel_alignment
0.0001,100.0,1000.0,0.9008126157819056
0.1,100.0,100.0,0.9042043989267428
0.0001,10.0,100.0,0.9082140614270348
0.0001,100.0,100.0,0.9033803457308256
0.0001,10.0,100.0,0.9023110148375882
0.0001,100.0,1000.0,0.9082940165884206
0.0001,10.0,100.0,0.9080160069724417
0.0001,10.0,100.0,0.9093731630808589
0.0001,100.0,100.0,0.9003615689755631
0.1,100.0,100.0,0.9050958139898401
