C,Epsilon,Omega,Kernel_alignment
0.0001,1000.0,100.0,0.8453737997545739
0.0001,1000.0,1000.0,0.8507492943040194
0.0001,10000.0,100.0,0.8555309339718494
0.0001,10000.0,100.0,0.8601884618884504
0.0001,10000.0,0.1,0.8585385692143912
0.0001,1000.0,0.0001,0.8634958799412086
0.0001,1000.0,10000.0,0.8519637481907874
0.0001,1000.0,10.0,0.849132810581453
0.0001,100.0,100.0,0.8538018634966633
0.0001,1000.0,1000.0,0.8498650019196441
