C,Epsilon,Omega,Kernel_alignment
0.1,1000.0,10000.0,0.8534134209057552
0.0001,100.0,100.0,0.8673435941066274
0.1,1000.0,1000.0,0.8575306907582058
0.0001,100.0,100.0,0.8606449076905112
0.0001,1000.0,1000.0,0.8568664095246824
0.0001,100.0,10.0,0.868287756460201
0.0001,100.0,100.0,0.8618737583548582
0.001,1000.0,1000.0,0.8471663093204718
0.0001,1000.0,1000.0,0.8430640179512742
0.0001,100.0,100.0,0.8593096068715989
