C,Epsilon,Omega,Kernel_alignment
0.1,100.0,10.0,0.9027279116388628
0.0001,100.0,10.0,0.9004666842446696
0.0001,100.0,10.0,0.9027459002970805
0.0001,100.0,10.0,0.9015175915002935
0.0001,100.0,100.0,0.9082333492303554
0.0001,100.0,1.0,0.9035160783598073
0.0001,100.0,10.0,0.9047279177412004
0.001,100.0,10.0,0.9028971433755372
0.1,100.0,10.0,0.9076020814568642
0.1,100.0,10.0,0.897864807760245
