C,Epsilon,Omega,Kernel_alignment
0.1,1000.0,0.0001,0.7753412628889957
0.1,1000.0,0.0001,0.7906783346324004
0.1,10000.0,0.0001,0.7792361505371216
0.0001,100.0,0.0001,0.762253708411934
0.1,1000.0,0.0001,0.7529742410217956
0.1,10000.0,0.0001,0.7755351096878025
0.1,1000.0,0.0001,0.7674704532057187
0.1,100.0,0.0001,0.7708149717030806
0.1,1000.0,0.0001,0.7768681402965106
0.1,1000.0,0.0001,0.7879013917599795
