C,Epsilon,Omega,Kernel_alignment
0.0001,100.0,0.0001,0.6412855669547054
0.1,100.0,0.0001,0.6083247456811789
0.0001,100.0,0.0001,0.6215582296567941
0.1,100.0,0.0001,0.6217519739566381
0.1,100.0,0.0001,0.6336547092131187
0.1,10000.0,0.0001,0.5919584292667129
0.1,10000.0,0.0001,0.6219447281727214
0.1,100.0,0.0001,0.6289406974716958
0.0001,100.0,0.0001,0.6384125112054415
0.0001,100.0,0.0001,0.6411516534702386
