C,Epsilon,Omega,Kernel_alignment
0.0001,1000.0,1.0,0.9820719735236412
0.1,1000.0,0.0001,0.9842161660784967
0.0001,10000.0,10.0,0.9821558755509879
0.1,10000.0,100.0,0.9820013507806316
0.0001,100.0,0.0001,0.9822181759328201
0.0001,100.0,1.0,0.9821668884854541
0.1,1000.0,10.0,0.9821282333099393
0.0001,10000.0,100.0,0.9816730125866241
0.1,1000.0,10.0,0.9821973386640731
0.0001,10000.0,0.1,0.9819508116100214
