C,Epsilon,Omega,Kernel_alignment
0.01,100.0,100.0,0.9445379367044618
0.1,10.0,100.0,0.9410620733845833
0.1,10.0,0.001,0.9477423333897403
0.0001,100.0,100.0,0.9444837894786801
0.0001,100.0,100.0,0.9425616777254949
0.01,10.0,100.0,0.9493642824238261
0.1,100.0,100.0,0.95614854321112
0.1,10.0,0.0001,0.9528791968592291
0.0001,10.0,100.0,0.9563983875334737
0.0001,1.0,1.0,0.9525697873087494
