C,Epsilon,Omega,Kernel_alignment
0.001,1000.0,10000.0,0.8594677042276513
0.1,1000.0,10000.0,0.8613401080455748
0.0001,1000.0,1000.0,0.8523236544551782
0.0001,1000.0,1000.0,0.8508665382938625
0.0001,1000.0,10000.0,0.8541057141028123
0.0001,100.0,100.0,0.8596871278802803
0.0001,1000.0,10000.0,0.8492665631286505
0.1,1000.0,100.0,0.8541377123538337
0.0001,1000.0,1000.0,0.8580998669797131
0.0001,100.0,100.0,0.8559549755120986
