C,Epsilon,Omega,Kernel_alignment
0.0001,100.0,10.0,0.6826351448224558
0.01,100.0,0.0001,0.7063209223494394
0.1,100.0,100.0,0.6649152469707929
0.001,100.0,10000.0,0.5521510040577363
0.0001,100.0,100.0,0.6859464352704269
0.0001,1000.0,0.0001,0.6879397541904274
0.0001,100.0,1000.0,0.6098661380523008
0.1,100.0,100.0,0.6691981638331683
0.1,100.0,1000.0,0.6343068328470554
0.0001,1000.0,1000.0,0.5750421467519651
