C,Epsilon,Omega,Kernel_alignment
0.1,1.0,100.0,0.8172687193362648
0.1,1.0,10.0,0.8318257551452426
0.0001,1.0,10.0,0.836171475046395
0.0001,10.0,0.001,0.8324683373694043
0.0001,10.0,100.0,0.8205067420578728
0.01,10.0,0.1,0.8285090731732211
0.0001,10.0,1.0,0.8321674805855549
0.0001,10.0,0.1,0.8284873509148558
0.0001,10.0,0.0001,0.8295366507713359
0.001,10.0,1000.0,0.8000485374216406
