C,Epsilon,Omega,Kernel_alignment
0.0001,1000.0,100.0,0.7581597290520683
0.1,100.0,100.0,0.7473414872513544
0.0001,100.0,100.0,0.7022391152689811
0.0001,1000.0,100.0,0.7246077726671111
0.0001,1000.0,1000.0,0.6980503686968172
0.0001,1000.0,100.0,0.7517270374573853
0.0001,1000.0,0.0001,0.7732030864136794
0.1,100.0,100.0,0.7019429423623991
0.0001,100.0,10.0,0.7551391114850052
0.0001,1000.0,100.0,0.7423568064906773
