C,Epsilon,Omega,Kernel_alignment
0.1,10.0,1000.0,0.9097491541741396
0.1,10.0,1.0,0.9066570276458409
0.1,10.0,1.0,0.9107766634227039
0.1,10.0,100.0,0.9146723684668037
0.0001,10.0,100.0,0.9088380429258502
0.0001,100.0,10000.0,0.9076983373273169
0.01,10.0,0.0001,0.9120118280351952
0.1,100.0,100.0,0.9046910322989102
0.0001,10.0,0.001,0.9141070660028449
0.0001,10.0,10000.0,0.9146752081532088
