C,Epsilon,Omega,Kernel_alignment
0.001,1.0,0.0001,0.9458683614769823
0.01,1.0,0.0001,0.9489315707241386
0.01,1.0,0.0001,0.9457094447288208
0.0001,1.0,0.0001,0.9433022484604476
0.0001,1.0,0.0001,0.9457626545719583
0.0001,1.0,0.0001,0.94725080918537
0.01,10.0,0.0001,0.947756245845033
0.0001,10.0,0.0001,0.9476538487378774
0.0001,1.0,0.0001,0.9524231865782589
0.1,10.0,0.0001,0.9503220320519739
