C,Epsilon,Omega,Kernel_alignment
0.0001,10000.0,0.0001,0.5893589701402914
0.001,100.0,0.0001,0.6034433059184257
0.1,100.0,0.0001,0.5606034471098992
0.0001,100.0,0.0001,0.5740516736278987
0.0001,100.0,0.0001,0.5571655971470967
0.0001,1000.0,0.0001,0.6161839809581271
0.1,100.0,0.0001,0.5571690780355025
0.1,100.0,0.0001,0.561871494091905
0.1,100.0,0.0001,0.5608104152829497
0.0001,100.0,0.0001,0.5852420537917253
