C,Epsilon,Omega,Kernel_alignment
0.01,10.0,0.0001,0.6355725109920637
0.0001,0.1,0.0001,0.6253357979524341
0.0001,10.0,0.0001,0.632991173117768
0.001,100.0,0.0001,0.6270627475142232
0.0001,10.0,0.0001,0.6508613435002771
0.0001,10.0,0.0001,0.6329686055483235
0.1,1.0,0.0001,0.6273965885208839
0.1,10.0,0.0001,0.6420516451241868
0.0001,100.0,0.0001,0.6553942635614892
0.0001,10.0,0.0001,0.6273351634059541
