C,Epsilon,Omega,Kernel_alignment
0.1,10.0,0.1,0.6866047527311266
0.1,10.0,0.1,0.6870949268429538
0.1,10.0,0.01,0.686943904957874
0.0001,10.0,10000.0,0.6968784960643074
0.0001,1.0,0.1,0.6941783427751095
0.1,10.0,10000.0,0.7015899181856995
0.1,10.0,0.0001,0.6869968130059733
0.1,10.0,0.0001,0.691158251921556
0.01,10.0,10000.0,0.6796478793984265
0.0001,1.0,0.0001,0.6899151475214137
