C,Epsilon,Omega,Kernel_alignment
0.1,100.0,0.0001,0.6322280566549163
0.1,10.0,0.0001,0.6046323918984772
0.01,100.0,0.0001,0.6270901300099675
0.0001,100.0,0.0001,0.6228943177518902
0.0001,100.0,0.0001,0.6379794820540278
0.1,100.0,0.0001,0.6489371919603704
0.0001,10.0,0.0001,0.614089264616079
0.1,10.0,0.0001,0.6222834980830124
0.1,10.0,0.0001,0.6162426018896291
0.1,10.0,0.0001,0.6178592734372346
