C,Epsilon,Omega,Kernel_alignment
0.0001,10.0,1000.0,0.42798288150647923
0.0001,10.0,100.0,0.4039154655024079
0.0001,10.0,100.0,0.4074899679424572
0.0001,10.0,10.0,0.4016433957819405
0.0001,10.0,100.0,0.3544160410934066
0.0001,10.0,1000.0,0.4154292729524601
0.0001,10.0,100.0,0.38473343337547755
0.0001,10.0,100.0,0.3609416082505745
0.0001,10.0,100.0,0.374145496976113
0.0001,10.0,100.0,0.400285474359555
