C,Epsilon,Omega,Kernel_alignment
0.0001,10.0,1000.0,0.392280567945946
0.0001,10.0,10.0,0.41559703728005987
0.0001,10.0,100.0,0.4090150846038739
0.0001,10.0,0.0001,0.40988337002837183
0.0001,10.0,0.001,0.4161358054181584
0.0001,10.0,100.0,0.3567356966934949
0.0001,10.0,100.0,0.3755654108139407
0.0001,10.0,100.0,0.42627701062129336
0.0001,10.0,100.0,0.37246628774068935
0.0001,10.0,100.0,0.4045536610700556
