C,Epsilon,Omega,Kernel_alignment
0.1,1.0,0.001,0.32474533029476277
0.01,10.0,10.0,0.2809028803800686
0.0001,10.0,0.01,0.32556114330755237
0.0001,10.0,10.0,0.3471095647556511
0.1,10.0,10.0,0.3917634752958298
0.0001,1.0,10.0,0.32042183568396226
0.0001,10.0,100.0,0.3156916300164469
0.1,10.0,10.0,0.3264605552347001
0.1,10.0,10.0,0.3275162249642192
0.0001,10.0,0.01,0.28321362065960476
