C,Epsilon,Omega,Kernel_alignment
0.0001,1.0,1.0,0.2249936543472073
0.0001,1.0,0.0001,0.19162960421805927
0.0001,10.0,0.001,0.19806710725265442
0.0001,1.0,0.0001,0.20169816827086823
0.0001,1.0,0.0001,0.22083530595471831
0.0001,1.0,1.0,0.19404124449195784
0.0001,1.0,0.01,0.19239847348998634
0.0001,1.0,0.0001,0.21218786088678648
0.0001,1.0,0.0001,0.19296520868742773
0.0001,1.0,1.0,0.19475884115452585
