C,Epsilon,Omega,Kernel_alignment
0.0001,1.0,0.1,0.1828689881749651
0.0001,1.0,1.0,0.2019099678685655
0.1,1.0,0.0001,0.19001005450338226
0.1,1.0,10.0,0.195701161519046
0.0001,1.0,1.0,0.19762109858209786
0.0001,1.0,1.0,0.19195914878754214
0.0001,1.0,1.0,0.20653619947755253
0.0001,1.0,1.0,0.20150979823029214
0.0001,1.0,0.0001,0.18640683336053218
0.0001,1.0,0.0001,0.1861873247019293
