C,Epsilon,Omega,Kernel_alignment
0.0001,0.1,0.01,0.8089519787833905
0.0001,0.1,100.0,0.8172656267642481
0.001,0.1,10.0,0.8131563001486655
0.0001,0.1,10000.0,0.7434113622363028
0.01,0.1,100.0,0.8100961986601509
0.0001,0.1,100.0,0.8139379819810989
0.001,0.1,100.0,0.8079601055646669
0.001,0.1,10.0,0.8177581445219593
0.0001,0.1,100.0,0.8075352468035479
0.01,0.1,0.01,0.809097417318283
