C,Epsilon,Omega,Kernel_alignment
0.0001,100.0,100.0,0.6527616877725545
0.1,100.0,100.0,0.6499402995765677
0.1,100.0,10000.0,0.547063634802486
0.0001,100.0,0.0001,0.648597351665361
0.0001,100.0,100.0,0.6205172820086492
0.1,100.0,100.0,0.6513613862560544
0.0001,100.0,1000.0,0.6289211072568243
0.0001,1000.0,0.0001,0.6744841442117492
0.0001,10000.0,1.0,0.702566437704403
0.0001,1000.0,100.0,0.651031209664836
