C,Epsilon,Omega,Kernel_alignment
0.0001,100.0,100.0,0.9077391483318071
0.0001,100.0,10.0,0.9050712650421135
0.1,100.0,10.0,0.9051370524546988
0.1,100.0,100.0,0.9035241456440578
0.0001,100.0,100.0,0.9048967340354085
0.1,100.0,100.0,0.8986742776963197
0.0001,100.0,10.0,0.9082934889341068
0.0001,100.0,100.0,0.9051759783790972
0.0001,1000.0,10.0,0.9125338143993968
0.0001,100.0,10.0,0.9055989328955731
