C,Epsilon,Omega,Kernel_alignment
0.0001,1000.0,10000.0,0.8504032032059602
0.0001,100.0,0.0001,0.8734040857172218
0.1,1000.0,10000.0,0.8470677021818993
0.1,100.0,10.0,0.866771526422684
0.0001,100.0,100.0,0.8666053427899874
0.0001,1000.0,10.0,0.8625971627717466
0.0001,1000.0,10.0,0.8614346296946757
0.0001,100.0,100.0,0.8669938230021382
0.0001,1000.0,10000.0,0.8511929557053635
0.0001,1000.0,1000.0,0.8572516089065159
