C,Epsilon,Omega,Kernel_alignment
0.0001,1000.0,100.0,0.9821474238812128
0.1,100.0,0.0001,0.9833168133905795
0.0001,1000.0,100.0,0.9819770924638987
0.0001,100.0,0.0001,0.9840916931993481
0.0001,10000.0,100.0,0.9819894562362176
0.0001,100.0,0.0001,0.983177568380304
0.0001,10000.0,1000.0,0.982485306843729
0.1,100.0,10.0,0.9828218360016934
0.1,1000.0,0.0001,0.9831160869341191
0.1,10000.0,0.0001,0.9830810426082556
