C,Epsilon,Omega,Kernel_alignment
0.0001,10000.0,10.0,0.9821917637560439
0.0001,10000.0,10.0,0.98190719208552
0.0001,1000.0,100.0,0.982275400375826
0.1,1000.0,0.1,0.9819912862359604
0.1,10000.0,1.0,0.981979860891492
0.0001,1000.0,0.1,0.9815363125242638
0.0001,10000.0,10.0,0.981837806232839
0.0001,1000.0,10.0,0.9813345176518032
0.1,10000.0,0.001,0.9822871878389087
0.1,10000.0,1.0,0.9818476134222118
