C,Epsilon,Omega,Kernel_alignment
0.0001,100.0,0.1,0.9823105063672677
0.0001,100.0,0.0001,0.9843593924178328
0.0001,10000.0,10.0,0.9832643120682967
0.0001,100.0,0.0001,0.9831222809652145
0.01,100.0,0.0001,0.9827211215373698
0.0001,100.0,0.0001,0.9833591667941668
0.1,10000.0,0.0001,0.9834060714406507
0.0001,10000.0,100.0,0.9816815951783081
0.001,100.0,10.0,0.9826918312264288
0.0001,100.0,10.0,0.9823142356498112
