C,Epsilon,Omega,Kernel_alignment
0.0001,0.1,0.0001,0.8367127316233162
0.01,0.1,0.0001,0.8317186144531501
0.01,0.1,0.0001,0.8201131338463266
0.01,0.1,0.0001,0.8301269555994532
0.01,0.1,0.0001,0.8226855955148487
0.001,0.1,0.0001,0.823712405833838
0.01,0.1,0.0001,0.8240591820830334
0.01,0.1,0.0001,0.8298778156980259
0.0001,0.1,0.0001,0.8289384152023669
0.01,0.1,0.0001,0.8340260622506345
