C,Epsilon,Omega,Kernel_alignment
0.0001,100.0,0.0001,0.6717275605700602
0.01,1.0,0.0001,0.7102943245596345
0.0001,1.0,0.0001,0.7208721102030355
0.01,100.0,0.0001,0.7028222940173028
0.0001,10.0,0.0001,0.6658819399554413
0.0001,10.0,0.0001,0.7206185200741465
0.1,10.0,0.0001,0.6916199737910536
0.1,100.0,0.0001,0.674290885259616
0.01,10.0,0.0001,0.7248287392786495
0.0001,10.0,0.0001,0.691975440730797
