C,Epsilon,Omega,Kernel_alignment
0.0001,10.0,10.0,0.30294251912097625
0.0001,10.0,10.0,0.3006783100192081
0.0001,10.0,10.0,0.29221301257583426
0.0001,10.0,0.001,0.32868073452977586
0.0001,10.0,0.0001,0.30094258249406913
0.0001,10.0,10.0,0.31060458641797756
0.0001,10.0,10.0,0.34226553087022116
0.0001,10.0,1.0,0.32665143783665873
0.1,10.0,100.0,0.3108807437803356
0.0001,10.0,0.001,0.35819948256697637
