C,Epsilon,Omega,Kernel_alignment
0.0001,10.0,1.0,0.21657599839320532
0.0001,1.0,10.0,0.2799950486460624
0.0001,10.0,0.0001,0.1995170374439475
0.0001,1.0,1.0,0.25103522284716917
0.0001,10.0,10.0,0.2477951292191174
0.0001,10.0,1.0,0.1930388030299231
0.0001,10.0,0.1,0.23315076669400925
0.0001,1.0,10.0,0.3193315055604108
0.0001,1.0,10.0,0.27023690929829
0.0001,1.0,0.01,0.2361551517102144
