C,Epsilon,Omega,Kernel_alignment
0.0001,10.0,10.0,0.24401430242904856
0.0001,10.0,0.0001,0.31158701045809345
0.0001,10.0,10.0,0.2911386931123398
0.0001,10.0,1.0,0.2280168843949123
0.0001,10.0,0.001,0.25274903412862315
0.0001,10.0,10.0,0.25582130401520103
0.0001,10.0,0.0001,0.24813338237016644
0.0001,10.0,0.001,0.24941625763205047
0.0001,10.0,10.0,0.26577224355716444
0.0001,10.0,0.01,0.23254894633112627
