C,Epsilon,Omega,Kernel_alignment
0.0001,10.0,0.0001,0.312799291467875
0.01,10.0,10.0,0.3528226198033561
0.0001,10.0,0.0001,0.31989938211031543
0.0001,10.0,0.0001,0.29170654475583374
0.0001,10.0,0.01,0.298975225881772
0.0001,10.0,0.0001,0.3135636754102718
0.0001,10.0,10.0,0.29220702340015287
0.0001,10.0,10.0,0.35202463350726765
0.0001,10.0,100.0,0.3259356458488487
0.0001,10.0,10.0,0.32905189047277644
