C,Epsilon,Omega,Kernel_alignment
0.0001,10.0,0.01,0.26010897464977967
0.0001,1.0,0.0001,0.255066385698449
0.0001,10.0,0.0001,0.2461466770586525
0.1,1.0,0.001,0.28513191195151444
0.01,1.0,1.0,0.275839300434085
0.0001,10.0,1.0,0.2344751609282551
0.0001,10.0,10.0,0.28776907663052004
0.0001,10.0,10.0,0.29010817832345026
0.0001,1.0,0.0001,0.2686169283713023
0.1,10.0,0.001,0.2584642988973984
