C,Epsilon,Omega,Kernel_alignment
0.0001,10.0,100.0,0.3446954930024547
0.0001,10.0,100.0,0.36464342933998506
0.0001,10.0,100.0,0.3464869340421166
0.0001,1.0,0.0001,0.36487101679522815
0.0001,10.0,0.001,0.35138543385231785
0.0001,10.0,1.0,0.35405545547967765
0.0001,10.0,1.0,0.35958958788138046
0.0001,10.0,10.0,0.3453015590318496
0.1,10.0,0.001,0.36167323681307867
0.0001,10.0,100.0,0.3476928648005172
