C,Epsilon,Omega,Kernel_alignment
0.0001,100.0,0.0001,0.6906581682740814
0.0001,100.0,0.0001,0.6671283158183371
0.0001,100.0,0.0001,0.6844536663960069
0.0001,100.0,0.0001,0.6786205375649469
0.1,100.0,0.0001,0.6395201126199337
0.0001,100.0,0.0001,0.6556500307767887
0.0001,100.0,0.0001,0.6377135460956472
0.1,1000.0,0.0001,0.6866221270073358
0.1,100.0,0.0001,0.6480752430827466
0.0001,100.0,0.0001,0.6210800421941989
