C,Epsilon,Omega,Kernel_alignment
0.0001,1000.0,0.0001,0.6828203772442207
0.0001,1000.0,10.0,0.6978250125142498
0.0001,1000.0,0.001,0.6769892874124748
0.1,1000.0,10000.0,0.7178456536717918
0.1,1000.0,0.0001,0.6778266558670764
0.1,1000.0,0.0001,0.6875126568840435
0.001,1000.0,0.0001,0.6767694292875044
0.1,1000.0,0.0001,0.6984185981413733
0.0001,1000.0,0.0001,0.635604005508301
0.0001,1000.0,0.0001,0.6972713865895758
