C,Epsilon,Omega,Kernel_alignment
0.1,100.0,0.0001,0.868072395627905
0.0001,100.0,0.0001,0.8674697306486915
0.0001,10.0,0.0001,0.8656725236462492
0.0001,10.0,0.0001,0.8718507275600419
0.1,10.0,0.0001,0.8634582334952315
0.1,1000.0,0.0001,0.8583600911795515
0.0001,10.0,0.0001,0.8538772881385253
0.1,10.0,0.0001,0.8678190569916652
0.1,10.0,0.0001,0.8622300894625229
0.1,10.0,0.0001,0.8573323922715163
