C,Epsilon,Omega,Kernel_alignment
0.1,100.0,0.0001,0.9835218053637753
0.0001,100.0,10000.0,0.9837988424808486
0.001,10000.0,10.0,0.9835982879309209
0.1,1000.0,10000.0,0.9825769973976345
0.01,100.0,1.0,0.9844625976418881
0.0001,100.0,1.0,0.9820925293389021
0.1,100.0,10.0,0.9841560528188176
0.1,10000.0,10000.0,0.9828519608297578
0.1,100.0,0.0001,0.9822544881326735
0.01,100.0,0.1,0.9834079964227163
