C,Epsilon,Omega,Kernel_alignment
0.1,100.0,0.01,0.9835132575405054
0.0001,1000.0,10000.0,0.9832311945134288
0.0001,1000.0,0.0001,0.9840084419330373
0.1,100.0,10.0,0.9844236943082515
0.0001,100.0,1.0,0.9848366407733106
0.0001,100.0,100.0,0.9836053778822507
0.0001,100.0,1.0,0.983593721506918
0.0001,100.0,10.0,0.9833509288222803
0.01,100.0,10000.0,0.9826896355069609
0.0001,100.0,0.0001,0.9831627182734423
