C,Epsilon,Omega,Kernel_alignment
0.0001,10.0,0.0001,0.8971024115112961
0.1,10.0,0.0001,0.90344594481289
0.0001,100.0,0.0001,0.9037367528145569
0.0001,10.0,0.0001,0.9137094696273784
0.0001,1000.0,0.0001,0.9009923904557335
0.01,10.0,0.0001,0.9070467547321948
0.1,10.0,0.0001,0.9128763170714468
0.1,1000.0,0.0001,0.9037914628434061
0.001,100.0,0.0001,0.9104182019446787
0.0001,1000.0,0.0001,0.9051955571110717
