C,Epsilon,Omega,Kernel_alignment
0.01,10.0,0.0001,0.9499234580140579
0.0001,10.0,0.0001,0.9477298786226211
0.0001,100.0,0.0001,0.9506703286373955
0.1,10.0,0.0001,0.9459674858112633
0.1,10.0,0.0001,0.9450522766518781
0.1,100.0,0.0001,0.9530108211324486
0.0001,10.0,0.0001,0.9470994891150395
0.0001,1.0,0.0001,0.9468718421253082
0.1,1.0,0.0001,0.9463321376047591
0.1,10.0,0.0001,0.9437346145393158
