C,Epsilon,Omega,Kernel_alignment
0.1,1000.0,10000.0,0.8894311732697368
0.0001,10000.0,10.0,0.8816636068405553
0.1,1000.0,10000.0,0.8818198585376232
0.0001,1000.0,100.0,0.8843600980503377
0.0001,1000.0,10.0,0.8877601041356492
0.1,100.0,10.0,0.8886289326391955
0.1,1000.0,10.0,0.8838842046211691
0.1,1000.0,0.01,0.8888044382299577
0.1,1000.0,10.0,0.8884456281680927
0.0001,100.0,10.0,0.8840078581836494
