C,Epsilon,Omega,Kernel_alignment
0.001,100.0,0.0001,0.9238429883129412
0.0001,100.0,0.0001,0.9159545310497136
0.0001,1000.0,0.0001,0.91845597296218
0.0001,100.0,0.0001,0.9203241845106052
0.0001,10.0,0.0001,0.9239511907565384
0.0001,10.0,0.0001,0.9165067612322736
0.0001,100.0,0.0001,0.928173063336484
0.1,10.0,0.0001,0.9172222101343283
0.0001,10.0,0.0001,0.9240227311175568
0.0001,100.0,0.0001,0.9183567789601582
