C,Epsilon,Omega,Kernel_alignment
0.0001,10.0,100.0,0.6974992524856791
0.0001,10.0,10.0,0.7177051538633721
0.0001,1.0,100.0,0.6606296296557888
0.0001,10.0,0.01,0.7199941860888789
0.01,10.0,100.0,0.6657207106849574
0.0001,1.0,100.0,0.6993957699949728
0.0001,10.0,1000.0,0.6407843020500343
0.0001,10.0,0.001,0.7045869626892193
0.0001,1.0,0.01,0.7323903658597569
0.0001,10.0,10.0,0.6935498864609533
