C,Epsilon,Omega,Kernel_alignment
0.0001,100.0,100.0,0.7370396444623426
0.1,100.0,100.0,0.7521194441947127
0.0001,10.0,100.0,0.7521446839911243
0.0001,100.0,1000.0,0.7163873060143482
0.1,100.0,10000.0,0.6905373308780262
0.1,100.0,100.0,0.7593092964461137
0.0001,100.0,1000.0,0.7089218661731282
0.0001,100.0,100.0,0.7605107339824303
0.0001,100.0,1000.0,0.7097913592214041
0.0001,100.0,100.0,0.7616960328918725
