C,Epsilon,Omega,Kernel_alignment
0.0001,100.0,100.0,0.6697282055056887
0.0001,100.0,100.0,0.6854257910731534
0.0001,100.0,0.0001,0.6819617850503231
0.0001,1000.0,100.0,0.6326675632925053
0.1,100.0,100.0,0.6004874108212171
0.0001,1000.0,100.0,0.5633655789005003
0.0001,1000.0,0.0001,0.6685466796709937
0.0001,100.0,1000.0,0.6404939214535128
0.0001,100.0,1000.0,0.6451130181015974
0.0001,1000.0,1000.0,0.6047433813032974
