C,Epsilon,Omega,Kernel_alignment
0.0001,1000.0,1000.0,0.6249451098218598
0.0001,1000.0,100.0,0.6867065978927255
0.1,1000.0,1000.0,0.6460717362859759
0.0001,1000.0,0.0001,0.699205856852406
0.0001,1000.0,1.0,0.7024907277083721
0.0001,1000.0,100.0,0.6706827764131981
0.0001,1000.0,0.0001,0.6576666955161716
0.0001,1000.0,100.0,0.6705560266398232
0.0001,1000.0,100.0,0.6955194257381705
0.1,1000.0,100.0,0.6788834599404426
