C,Epsilon,Omega,Kernel_alignment
0.1,100.0,0.0001,0.6741854279889207
0.0001,100.0,0.0001,0.6726048799769287
0.1,100.0,0.0001,0.6293017269634994
0.1,1000.0,10000.0,0.6014115847121384
0.1,100.0,0.0001,0.6427806404617928
0.1,1000.0,10000.0,0.5779373416833763
0.0001,100.0,0.0001,0.6633269457088276
0.0001,100.0,1000.0,0.5672956690636279
0.0001,100.0,10.0,0.6214747389069252
0.0001,100.0,0.0001,0.6355948245863982
