C,Epsilon,Omega,Kernel_alignment
0.0001,10.0,1000.0,0.7436621130192217
0.0001,100.0,10000.0,0.7118945670792532
0.0001,100.0,1000.0,0.7408197046678652
0.0001,10.0,10000.0,0.7007395508361307
0.0001,10.0,1000.0,0.7532675752026815
0.1,10.0,1000.0,0.7395218057435947
0.1,10.0,1000.0,0.7323334186723391
0.0001,100.0,10000.0,0.7114696012537415
0.1,100.0,10000.0,0.7066261904732983
0.0001,100.0,10000.0,0.6888201892523225
