C,Epsilon,Omega,Kernel_alignment
0.1,10.0,1000.0,0.7670012508358586
0.0001,10.0,10000.0,0.7236630358365442
0.0001,10.0,1000.0,0.749961542182914
0.0001,10.0,1000.0,0.7724601747122599
0.1,10.0,10000.0,0.7443550199446047
0.1,10.0,10000.0,0.7347960116756408
0.1,10.0,10000.0,0.7205518245110816
0.1,10.0,100.0,0.7935266048455862
0.0001,10.0,10000.0,0.7288497295499204
0.01,10.0,10000.0,0.7136326456140689
