C,Epsilon,Omega,Kernel_alignment
0.001,1000.0,100.0,0.8555850123122873
0.0001,1000.0,1000.0,0.8530149949843318
0.1,100.0,100.0,0.8655592547792106
0.001,1000.0,1000.0,0.8572667345108228
0.0001,1000.0,1000.0,0.8428241864774508
0.0001,1000.0,10000.0,0.8431152871035238
0.0001,1000.0,1000.0,0.8556886612558079
0.0001,100.0,10.0,0.8696124846033622
0.0001,1000.0,0.0001,0.8669111747518502
0.0001,1000.0,1000.0,0.8452180622739276
