C,Epsilon,Omega,Kernel_alignment
0.1,10.0,1000.0,0.9487913748370903
0.001,10.0,100.0,0.94777245029891
0.0001,10.0,100.0,0.9443502806255996
0.0001,10.0,100.0,0.9414086555313416
0.0001,10.0,1000.0,0.9439616444493734
0.0001,100.0,10000.0,0.9368009114439215
0.0001,100.0,1000.0,0.9433964628180591
0.0001,100.0,10000.0,0.933838325301843
0.0001,100.0,100.0,0.948218022855016
0.1,10.0,100.0,0.9524816800003791
