C,Epsilon,Omega,Kernel_alignment
0.0001,100.0,100.0,0.9429111330351289
0.0001,100.0,100.0,0.9413469483358157
0.0001,100.0,100.0,0.9421407719724721
0.0001,100.0,100.0,0.9493985033867236
0.0001,10.0,100.0,0.9482671584964575
0.0001,100.0,100.0,0.948088116908403
0.0001,100.0,100.0,0.9488605265467359
0.0001,100.0,1.0,0.9553429193576274
0.0001,10.0,100.0,0.9538346569847994
0.001,1.0,0.0001,0.9490649692683456
