C,Epsilon,Omega,Kernel_alignment
0.0001,10.0,1000.0,0.42985210842863436
0.0001,10.0,1.0,0.4757284956322239
0.0001,1.0,0.0001,0.4574718792793206
0.01,1.0,0.1,0.45480868140254577
0.01,10.0,0.0001,0.4670524022460564
0.0001,10.0,100.0,0.45348782006075944
0.0001,10.0,1000.0,0.4225790495458517
0.0001,1.0,0.0001,0.45709690963616456
0.0001,1.0,0.0001,0.48167764848579786
0.001,10.0,1000.0,0.44556860694662814
