C,Epsilon,Omega,Kernel_alignment
0.0001,10.0,1000.0,0.3669185881817249
0.0001,10.0,1000.0,0.3629399493329096
0.0001,1.0,1000.0,0.34041347902069524
0.0001,10.0,1000.0,0.36631979152854494
0.0001,10.0,1000.0,0.35396934450269835
0.001,10.0,1000.0,0.3573971656913625
0.0001,10.0,1000.0,0.37136487164454196
0.0001,10.0,100.0,0.3821257554076379
0.0001,10.0,1000.0,0.3751974650183147
0.0001,10.0,1000.0,0.3414681300143763
