C,Epsilon,Omega,Kernel_alignment
0.0001,10.0,100.0,0.2364770618794367
0.0001,10.0,100.0,0.2629536022902206
0.0001,10.0,0.0001,0.2417706859036225
0.0001,10.0,100.0,0.316037250998496
0.0001,10.0,1.0,0.24217022116540218
0.0001,10.0,100.0,0.24547373326347594
0.0001,10.0,1.0,0.2401527142362444
0.0001,10.0,0.0001,0.26195987924038816
0.0001,1.0,0.01,0.2717032911749211
0.0001,10.0,10.0,0.2763963747728344
