C,Epsilon,Omega,Kernel_alignment
0.0001,10.0,1.0,0.30403861690866923
0.0001,10.0,100.0,0.31409647937476626
0.0001,10.0,10.0,0.3088703235969837
0.0001,10.0,0.1,0.3072539151785403
0.0001,10.0,100.0,0.29649480219037694
0.0001,10.0,100.0,0.31486202126154333
0.0001,10.0,100.0,0.28909327642141586
0.01,10.0,100.0,0.31841407967680474
0.0001,10.0,10.0,0.34219839044329403
0.0001,10.0,1.0,0.31879760552282843
