C,Epsilon,Omega,Kernel_alignment
0.01,10.0,0.0001,0.25896053788441664
0.0001,1.0,1.0,0.26460036072368304
0.1,10.0,1.0,0.23992758948812207
0.0001,10.0,100.0,0.28008013119144126
0.0001,1.0,0.1,0.2737736894295181
0.1,10.0,10.0,0.24747403025206552
0.0001,1.0,0.0001,0.27279114734197857
0.0001,1.0,0.0001,0.2611725249552393
0.1,1.0,0.0001,0.2810573320597759
0.0001,1.0,10.0,0.27173712883185125
