C,Epsilon,Omega,Kernel_alignment
0.0001,1.0,0.0001,0.2813716256701131
0.001,10.0,0.001,0.2789943729244165
0.0001,1.0,0.0001,0.2779777183219547
0.0001,1.0,10.0,0.3034482579478083
0.0001,10.0,0.0001,0.2519373611457249
0.0001,1.0,1.0,0.2815412380847216
0.0001,10.0,10.0,0.23811948097989852
0.0001,1.0,0.001,0.283031008252512
0.0001,1.0,0.0001,0.2842712960080758
0.0001,10.0,0.01,0.26582845976347225
