C,Epsilon,Omega,Kernel_alignment
0.01,10.0,10.0,0.31243733490526376
0.0001,10.0,1.0,0.32425428850810256
0.0001,10.0,10.0,0.2890736909520718
0.0001,10.0,10.0,0.2965375718072754
0.0001,1.0,0.1,0.3119470717777641
0.0001,10.0,100.0,0.3018007332209975
0.0001,10.0,100.0,0.30207634282295653
0.0001,10.0,0.1,0.3008790003709743
0.0001,10.0,100.0,0.32255201911034037
0.0001,10.0,0.1,0.29380879195657367
