C,Epsilon,Omega,Kernel_alignment
0.1,100.0,0.0001,0.9024772513752308
0.1,100.0,0.0001,0.9035695391935341
0.1,100.0,0.0001,0.9056877272181711
0.0001,10.0,0.0001,0.9120332135493736
0.1,10.0,0.0001,0.9021012313102782
0.1,10.0,0.0001,0.9000756878545414
0.1,100.0,0.0001,0.9002925251653809
0.1,10.0,0.0001,0.9077848839693334
0.1,1000.0,0.0001,0.9051237775005962
0.01,1.0,0.0001,0.9174488511046068
