C,Epsilon,Omega,Kernel_alignment
0.001,100.0,0.0001,0.8662725594802236
0.1,10000.0,0.0001,0.8714583295034644
0.0001,10000.0,0.0001,0.8617043296680185
0.0001,100.0,0.0001,0.8669397016980438
0.0001,100.0,10.0,0.875686437478492
0.0001,1000.0,1.0,0.8748747265426772
0.0001,100.0,1.0,0.8643897287652612
0.0001,100.0,1.0,0.8631610275266943
0.1,100.0,10000.0,0.8702685567950483
0.1,100.0,10000.0,0.8547102047680343
