C,Epsilon,Omega,Kernel_alignment
0.1,10.0,10000.0,0.6475476026292986
0.001,100.0,0.0001,0.7250186142728241
0.1,10.0,1000.0,0.6666560606227805
0.1,10000.0,100.0,0.7311150511278434
0.1,10.0,10000.0,0.6413928281001186
0.0001,10000.0,100.0,0.7250346679101703
0.1,10.0,1000.0,0.6916386072629247
0.0001,100.0,10000.0,0.6504090418613592
0.1,10.0,10000.0,0.6419251853069994
0.0001,100.0,10000.0,0.6159300903698841
