C,Epsilon,Omega,Kernel_alignment
0.0001,10.0,1000.0,0.7380507599123284
0.01,10.0,1000.0,0.7408459594112817
0.0001,10.0,1000.0,0.7362802974613862
0.1,10.0,1000.0,0.7340297655300082
0.0001,10.0,10000.0,0.7286623559845726
0.0001,100.0,10000.0,0.7104684395096201
0.0001,10.0,1000.0,0.7476005268485777
0.0001,10.0,1000.0,0.7523027293343446
0.0001,10.0,100.0,0.7883366818929376
0.0001,10.0,1000.0,0.7464595564180558
