C,Epsilon,Omega,Kernel_alignment
0.0001,10.0,1000.0,0.7642807430451958
0.001,10.0,100.0,0.8067304347976362
0.0001,10.0,1000.0,0.7843667995960661
0.0001,10.0,1000.0,0.7560855044522364
0.0001,10.0,1000.0,0.7574124002969215
0.0001,10.0,100.0,0.7988426086535286
0.0001,10.0,1000.0,0.7711705238721485
0.0001,10.0,1000.0,0.7684409507942551
0.0001,10.0,10000.0,0.7245678267785577
0.0001,10.0,1000.0,0.7604018843148589
