C,Epsilon,Omega,Kernel_alignment
0.1,1000.0,1000.0,0.7317709887012496
0.1,1000.0,10000.0,0.6784360171181077
0.1,1000.0,1000.0,0.7403043311266668
0.1,1000.0,1000.0,0.7368175569306784
0.0001,100.0,1000.0,0.73982345812666
0.0001,1000.0,1000.0,0.7387566250232854
0.0001,1000.0,100.0,0.7959906934530212
0.1,1000.0,10000.0,0.7017236233211606
0.0001,100.0,10000.0,0.6724199867299632
0.0001,1000.0,10000.0,0.6610442553591515
