C,Epsilon,Omega,Kernel_alignment
0.0001,10.0,100.0,0.8435411999728664
0.0001,10.0,1000.0,0.8016942191209747
0.0001,10.0,100.0,0.8432944628518416
0.1,10.0,10000.0,0.7702970678290382
0.0001,10.0,10000.0,0.755422520250269
0.01,10.0,1000.0,0.8080387724682055
0.0001,10.0,1000.0,0.799306646495598
0.0001,10.0,10000.0,0.7756713270979002
0.0001,10.0,1000.0,0.8120976785575547
0.1,10.0,10.0,0.8474810912486199
