C,Epsilon,Omega,Kernel_alignment
0.0001,100.0,0.01,0.8549338053917873
0.001,100.0,0.0001,0.8584302988582917
0.1,100.0,10000.0,0.845733628609079
0.0001,100.0,10000.0,0.8462863932630775
0.0001,100.0,10000.0,0.851254379875111
0.1,100.0,0.001,0.8424456419089598
0.0001,100.0,10000.0,0.8524454136558961
0.0001,100.0,10000.0,0.849584538119407
0.1,100.0,10000.0,0.8547939471628713
0.1,100.0,10000.0,0.8555819225881997
