C,Epsilon,Omega,Kernel_alignment
0.0001,10.0,1000.0,0.7830247179822354
0.0001,10.0,1000.0,0.7818693010173432
0.0001,10.0,1000.0,0.7806507166726951
0.0001,10.0,1000.0,0.7815489121515559
0.0001,10.0,1000.0,0.7689848966990623
0.0001,10.0,1000.0,0.7753011993127683
0.0001,10.0,1000.0,0.7752038801520027
0.0001,10.0,1000.0,0.786286620410424
0.0001,10.0,1000.0,0.7832496647773124
0.0001,10.0,10000.0,0.780537233170078
