C,Epsilon,Omega,Kernel_alignment
0.1,1000.0,100.0,0.8769081223406296
0.0001,1000.0,100.0,0.8845625565699742
0.0001,1000.0,100.0,0.8789005914806699
0.001,1000.0,100.0,0.8825203669021933
0.1,10000.0,100.0,0.884864808171252
0.1,1000.0,100.0,0.8821656348782543
0.1,1000.0,100.0,0.8856481884413205
0.1,1000.0,100.0,0.881612208300745
0.0001,1000.0,100.0,0.8807474006338701
0.0001,1000.0,100.0,0.8804510882288396
