C,Epsilon,Omega,Kernel_alignment
0.0001,1000.0,1.0,0.8890028645337695
0.1,1000.0,1000.0,0.8771476942657305
0.1,1000.0,0.0001,0.885769259745584
0.1,1000.0,1.0,0.8794454829625049
0.0001,100.0,10.0,0.8884704432644794
0.1,1000.0,100.0,0.8792376756052933
0.1,1000.0,100.0,0.8822271431341149
0.0001,10000.0,100.0,0.8834952456201856
0.0001,1000.0,0.0001,0.8912672309372728
0.0001,100.0,10.0,0.8968334387724984
