C,Epsilon,Omega,Kernel_alignment
0.1,10000.0,100.0,0.8002025268437757
0.0001,10000.0,0.1,0.7650536136178728
0.1,10000.0,0.0001,0.7727341898495489
0.1,10000.0,0.0001,0.7578210513802209
0.0001,1000.0,1.0,0.7678470971588506
0.0001,10000.0,100.0,0.7701898944019682
0.1,10000.0,0.1,0.7659996690433862
0.1,10000.0,0.0001,0.7707270968255756
0.0001,1000.0,100.0,0.7696302654163792
0.0001,10000.0,0.1,0.7688725318553657
