C,Epsilon,Omega,Kernel_alignment
0.0001,10.0,0.0001,0.6697345950847325
0.01,100.0,0.0001,0.7113881817776687
0.0001,1.0,0.0001,0.7276632557103045
0.01,10.0,0.0001,0.7160297415076076
0.0001,10.0,0.0001,0.6904521253478016
0.0001,100.0,0.0001,0.7107671522216636
0.001,10.0,0.0001,0.6662734099396738
0.1,100.0,0.0001,0.6976051021565284
0.1,100.0,0.0001,0.7311400658326921
0.0001,10.0,0.0001,0.6763732897316694
