C,Epsilon,Omega,Kernel_alignment
0.1,1000.0,0.0001,0.4614972807183526
0.0001,100.0,0.0001,0.46500542638385844
0.1,100.0,0.0001,0.4349414268718006
0.1,1000.0,0.0001,0.44623284923284023
0.0001,100.0,0.0001,0.4310868706124073
0.1,100.0,0.0001,0.4412944734899603
0.0001,100.0,0.0001,0.45696076638701183
0.0001,100.0,0.0001,0.47322681415844425
0.0001,100.0,0.0001,0.4437537278615835
0.0001,100.0,0.0001,0.439716370033091
