C,Epsilon,Omega,Kernel_alignment
0.0001,10.0,0.0001,0.8052483914997919
0.0001,10.0,1000.0,0.7539652603850451
0.0001,10.0,100.0,0.7898927935072853
0.0001,10.0,1000.0,0.7520825392733809
0.0001,10.0,1000.0,0.7434808208733418
0.0001,10.0,1000.0,0.7566894444653844
0.0001,100.0,1000.0,0.7663203674443618
0.0001,10.0,1000.0,0.7425715847744132
0.0001,10.0,1000.0,0.737096012243207
0.0001,10.0,10000.0,0.715251959542657
