C,Epsilon,Omega,Kernel_alignment
0.1,1.0,0.1,0.8334708011388554
0.0001,1.0,1.0,0.8137176873606823
0.1,10.0,1.0,0.8211535692167071
0.0001,1.0,0.0001,0.8163106195204698
0.0001,1.0,1000.0,0.7851597199650966
0.0001,1.0,10000.0,0.7263864603540987
0.0001,1.0,10000.0,0.7450146960866565
0.1,1.0,1000.0,0.7685089430716053
0.1,1.0,0.01,0.8041180205160899
0.1,1.0,1000.0,0.7715285846414826
