C,Epsilon,Omega,Kernel_alignment
0.0001,10.0,1000.0,0.7750358751836219
0.0001,10.0,1000.0,0.7601721177133788
0.01,10.0,1000.0,0.7578223778270782
0.0001,10.0,10000.0,0.70247214091318
0.0001,10.0,10000.0,0.724236277063349
0.0001,10.0,1000.0,0.7468275071695624
0.01,10.0,1000.0,0.7583729776073572
0.0001,10.0,1000.0,0.7609453767686811
0.0001,10.0,10000.0,0.7206643731538069
0.0001,10.0,10000.0,0.701746262400599
