C,Epsilon,Omega,Kernel_alignment
0.0001,100.0,100.0,0.8451737607798825
0.0001,10.0,100.0,0.8378018509936935
0.0001,10.0,10.0,0.8423735771751594
0.0001,10.0,100.0,0.8326635139932838
0.1,10.0,100.0,0.8316511292685341
0.0001,100.0,1000.0,0.8006688220957272
0.0001,100.0,1000.0,0.8074804048278443
0.0001,10.0,100.0,0.8349140543939332
0.0001,10.0,100.0,0.8416784586035845
0.0001,10.0,100.0,0.8367791916435665
