C,Epsilon,Omega,Kernel_alignment
0.0001,10.0,100.0,0.3740712153044607
0.0001,1.0,100.0,0.44141803218577713
0.01,10.0,100.0,0.3839446639614402
0.0001,10.0,100.0,0.30746650452461327
0.01,10.0,100.0,0.4296184482174467
0.0001,10.0,100.0,0.4042601845702769
0.0001,10.0,100.0,0.44240384944910555
0.0001,10.0,100.0,0.41608982061561745
0.0001,10.0,100.0,0.3084742633655454
0.0001,10.0,100.0,0.38306859618708855
