C,Epsilon,Omega,Kernel_alignment
0.1,1.0,0.001,0.3288803354410258
0.0001,1.0,10.0,0.3477730179769467
0.0001,1.0,1.0,0.25543301641633226
0.0001,1.0,10.0,0.2710608503643454
0.1,1.0,0.1,0.28855500618407365
0.0001,1.0,10.0,0.2965133438572736
0.1,1.0,10.0,0.29944083714519515
0.0001,1.0,0.0001,0.24452764434337418
0.1,1.0,1.0,0.29492674510345657
0.0001,1.0,0.0001,0.3385886176915614
