C,Epsilon,Omega,Kernel_alignment
0.0001,10.0,100.0,0.35966938536644544
0.0001,10.0,100.0,0.30972195710913974
0.1,10.0,100.0,0.33676272412124336
0.0001,10.0,100.0,0.3015423080828782
0.1,10.0,0.0001,0.3507788425613721
0.0001,10.0,0.0001,0.3223861110256682
0.0001,10.0,10.0,0.331019527813336
0.01,10.0,100.0,0.32410555403600066
0.0001,10.0,100.0,0.33599857596546023
0.1,10.0,0.001,0.31670696687811356
