C,Epsilon,Omega,Kernel_alignment
0.0001,1.0,10000.0,0.7220476132539357
0.001,10.0,100.0,0.6984437599939445
0.0001,1.0,10000.0,0.709566389752607
0.001,1.0,10000.0,0.7137211594152034
0.1,1.0,0.001,0.7012405909925965
0.0001,1.0,10.0,0.7030962788433457
0.0001,1.0,10000.0,0.7028034284879657
0.0001,1.0,10000.0,0.7045027489753098
0.0001,1.0,10000.0,0.709249951519782
0.1,10.0,10000.0,0.6993726789009741
