C,Epsilon,Omega,Kernel_alignment
0.0001,1.0,0.0001,0.6263902237521658
0.01,1000.0,0.0001,0.6112261217307188
0.01,10.0,0.0001,0.6358181660567821
0.1,1000.0,0.0001,0.6173706879760593
0.0001,10.0,0.0001,0.6285813560922278
0.0001,1.0,0.0001,0.6231051836123193
0.0001,1.0,0.0001,0.6079809685340667
0.0001,10.0,0.0001,0.619681730515586
0.01,10.0,0.0001,0.6039412303255862
0.1,1.0,0.0001,0.6082348057999473
