C,Epsilon,Omega,Kernel_alignment
0.1,100.0,10000.0,0.6793647213707332
0.1,10.0,0.0001,0.6552831934815754
0.01,100.0,1.0,0.6814136663681598
0.0001,100.0,0.01,0.669474056744502
0.1,10.0,10000.0,0.6788655400572404
0.01,100.0,10000.0,0.6715883452538699
0.1,100.0,0.1,0.6656756158137382
0.0001,1.0,0.01,0.6551653686081428
0.0001,10.0,1.0,0.6755067865380247
0.1,10.0,0.1,0.6833667782724163
