C,Epsilon,Omega,Kernel_alignment
0.1,1.0,0.0001,0.7273524434492987
0.1,10.0,10000.0,0.6426726708291333
0.1,1.0,100.0,0.7354078053486911
0.1,100.0,10000.0,0.6497957012259956
0.0001,100.0,0.01,0.7181119235371842
0.1,100.0,100.0,0.7119071319234574
0.1,1.0,10000.0,0.6716895624662294
0.1,1.0,100.0,0.7440040118887097
0.1,100.0,1000.0,0.6904288533450923
0.1,100.0,100.0,0.7319795338398345
