C,Epsilon,Omega,Kernel_alignment
0.1,1000.0,1000.0,0.7194582474751589
0.1,1000.0,1000.0,0.7156050685659044
0.1,1000.0,10000.0,0.6818106647561533
0.0001,1000.0,10000.0,0.6688183479889434
0.0001,1000.0,10000.0,0.6777700965620527
0.0001,1000.0,10000.0,0.6608575174715738
0.1,1000.0,10000.0,0.6402504001499595
0.0001,1000.0,1000.0,0.7116547092399583
0.0001,1000.0,10000.0,0.6745746291720899
0.0001,1000.0,0.001,0.7713758638011391
