C,Epsilon,Omega,Kernel_alignment
0.0001,10.0,100.0,0.7641486491681616
0.0001,10.0,1000.0,0.7366704714618556
0.0001,10.0,1000.0,0.7485010157353231
0.0001,10.0,1000.0,0.7361792678599248
0.0001,10.0,1000.0,0.7379756532415697
0.0001,10.0,1000.0,0.7494793335360336
0.0001,10.0,100.0,0.7726082215143353
0.1,10.0,1000.0,0.7314124529042948
0.1,10.0,10000.0,0.6820318823505769
0.01,10.0,1000.0,0.7227955328731779
