C,Epsilon,Omega,Kernel_alignment
0.0001,10.0,100.0,0.8358283434274351
0.0001,1.0,1000.0,0.7927009603869731
0.0001,10.0,10000.0,0.7436134353168851
0.0001,10.0,100.0,0.8518064394741933
0.0001,10.0,10.0,0.8261516624337173
0.0001,10.0,10000.0,0.7686858995247995
0.0001,10.0,100.0,0.834835545947723
0.0001,1.0,1000.0,0.7759585447149044
0.0001,10.0,100.0,0.830398483414559
0.0001,1.0,1000.0,0.7811267962594589
