C,Epsilon,Omega,Kernel_alignment
0.1,1.0,1000.0,0.7499873467499122
0.1,10.0,100.0,0.7978381518767981
0.1,1.0,1000.0,0.7642020427137175
0.0001,1.0,100.0,0.82460079594992
0.0001,1.0,1000.0,0.7662241560563741
0.1,1.0,100.0,0.8088975725573717
0.0001,10.0,100.0,0.7946486104286462
0.1,1.0,10000.0,0.7255762415499136
0.1,10.0,10.0,0.7834963992602642
0.01,1.0,1.0,0.8046878530691403
