C,Epsilon,Omega,Kernel_alignment
0.0001,100.0,0.0001,0.7498237783733818
0.01,100.0,0.0001,0.7515007422907592
0.1,100.0,0.0001,0.7637347205353764
0.1,10.0,0.0001,0.7729299210819829
0.1,100.0,0.0001,0.7697434215450445
0.1,100.0,0.0001,0.7574843309112528
0.0001,100.0,0.0001,0.7579235646469749
0.0001,100.0,0.0001,0.7597818421782261
0.001,10.0,0.0001,0.7599988997102182
0.01,1000.0,0.0001,0.7630252942111768
