C,Epsilon,Omega,Kernel_alignment
0.0001,100.0,0.0001,0.7366508451221723
0.001,100.0,0.0001,0.7320387611407663
0.1,10000.0,0.0001,0.7286147299860778
0.1,10000.0,0.0001,0.7260177692871723
0.1,100.0,0.0001,0.7298594375453601
0.1,1000.0,0.0001,0.7361146117102066
0.1,10000.0,0.0001,0.7372292636594149
0.0001,100.0,0.0001,0.7298863346971372
0.0001,10000.0,0.0001,0.7406875159497148
0.1,1000.0,0.0001,0.7243213307194483
