C,Epsilon,Omega,Kernel_alignment
0.0001,1.0,10000.0,0.7532764172872617
0.0001,10.0,10000.0,0.7315401997235256
0.0001,1.0,1000.0,0.8022177309932766
0.0001,1.0,1000.0,0.8219932739615883
0.0001,1.0,100.0,0.8117925953911032
0.0001,1.0,100.0,0.8267836717049373
0.0001,10.0,100.0,0.8258814844723708
0.0001,10.0,1000.0,0.7885126581781184
0.01,1.0,100.0,0.807372820007804
0.0001,1.0,1000.0,0.7987107309457894
