C,Epsilon,Omega,Kernel_alignment
0.0001,1000.0,1000.0,0.6206833639729156
0.1,100.0,0.0001,0.6305228678622209
0.0001,100.0,10.0,0.6913367187090925
0.0001,100.0,0.001,0.6568247322519377
0.1,10000.0,0.001,0.6330012510085992
0.1,10000.0,0.0001,0.7012823772205287
0.0001,100.0,0.0001,0.649220154348569
0.1,100.0,0.0001,0.6799659424053517
0.1,100.0,0.0001,0.6345334914349074
0.0001,100.0,0.0001,0.6666241574054363
