C,Epsilon,Omega,Kernel_alignment
0.0001,1000.0,1000.0,0.6549689756841709
0.0001,1000.0,1000.0,0.6569302390456865
0.0001,1000.0,100.0,0.6855232001614645
0.1,1000.0,1000.0,0.647835027012064
0.1,1000.0,100.0,0.7145373170169179
0.0001,1000.0,100.0,0.7178237098357825
0.0001,1000.0,100.0,0.7103042117629779
0.0001,1000.0,100.0,0.7148048068426717
0.0001,1000.0,0.0001,0.719879612062987
0.0001,1000.0,100.0,0.739018705059956
