C,Epsilon,Omega,Kernel_alignment
0.0001,100.0,100.0,0.8007248442147692
0.0001,100.0,0.0001,0.8190817037993579
0.0001,100.0,0.001,0.8333776782560409
0.0001,100.0,100.0,0.8085845348287038
0.0001,100.0,100.0,0.8005698613646447
0.1,10.0,100.0,0.8092396897812493
0.0001,10.0,100.0,0.8175864805135643
0.1,10.0,100.0,0.8024922396024052
0.0001,100.0,100.0,0.8268800334016052
0.0001,100.0,10.0,0.8264233445222544
