C,Epsilon,Omega,Kernel_alignment
0.1,1000.0,0.0001,0.6010844734843307
0.1,1000.0,100.0,0.613441230470959
0.1,1000.0,0.0001,0.5941531200610747
0.0001,1000.0,100.0,0.6661882184920407
0.1,1000.0,100.0,0.6245122255408694
0.0001,1000.0,100.0,0.6617747641736218
0.1,100.0,0.0001,0.5304229143811141
0.0001,100.0,0.0001,0.6735449388295551
0.1,1000.0,100.0,0.5941999754191917
0.0001,1000.0,100.0,0.5983213572969348
