C,Epsilon,Omega,Kernel_alignment
0.0001,10.0,100.0,0.7100973787474872
0.0001,10.0,0.01,0.7199138131894076
0.0001,10.0,0.01,0.7321860940950421
0.0001,10.0,10.0,0.7330943826613341
0.0001,10.0,0.001,0.7245527203656696
0.0001,1.0,1.0,0.7142545550237214
0.01,10.0,0.0001,0.7366308360209126
0.0001,1.0,1.0,0.7100794145115228
0.0001,10.0,100.0,0.6909532535988465
0.0001,10.0,100.0,0.7154886564350468
