C,Epsilon,Omega,Kernel_alignment
0.1,10.0,1000.0,0.7856998345493356
0.1,100.0,1000.0,0.7759785099398808
0.1,10.0,1000.0,0.7771302154948763
0.1,10.0,1000.0,0.7807191988877216
0.0001,10.0,1000.0,0.7616233855285813
0.0001,10.0,10000.0,0.7462018204441274
0.1,10.0,10000.0,0.7512400515986757
0.0001,10.0,10000.0,0.7254322789234586
0.1,100.0,10000.0,0.7332516416175682
0.0001,10.0,10000.0,0.7474806272427991
