C,Epsilon,Omega,Kernel_alignment
0.0001,100.0,10000.0,0.7089683024031582
0.1,100.0,1000.0,0.7278309067906943
0.0001,100.0,10000.0,0.7007816388265529
0.1,100.0,1000.0,0.7224558303631546
0.01,100.0,100.0,0.7849006773599235
0.0001,100.0,1000.0,0.7268340594835047
0.1,100.0,100.0,0.7772957830615278
0.0001,100.0,10.0,0.7646575267140847
0.1,100.0,100.0,0.7651088022400404
0.0001,100.0,100.0,0.7682416126779799
