C,Epsilon,Omega,Kernel_alignment
0.0001,10.0,1.0,0.8211420056968562
0.0001,100.0,100.0,0.8042819880227481
0.1,100.0,100.0,0.7992390175563467
0.0001,100.0,1000.0,0.7594783395515199
0.0001,100.0,100.0,0.8080488488168914
0.1,100.0,100.0,0.8150850958521599
0.0001,10.0,100.0,0.8082844479288227
0.0001,100.0,10.0,0.8046252674870105
0.1,10.0,100.0,0.8126563149594426
0.1,10.0,1000.0,0.7532115839686842
