C,Epsilon,Omega,Kernel_alignment
0.0001,1000.0,1000.0,0.588641378999733
0.0001,1000.0,10000.0,0.5481417312585376
0.0001,100.0,0.0001,0.6476795643713785
0.0001,1000.0,1000.0,0.5897411676235249
0.1,1000.0,1000.0,0.5942997072189896
0.0001,1000.0,1000.0,0.5826687989174338
0.0001,100.0,1000.0,0.5932436758251368
0.0001,100.0,1000.0,0.6041726791130703
0.0001,1000.0,100.0,0.6426186928041605
0.0001,100.0,1000.0,0.6105430795445822
