C,Epsilon,Omega,Kernel_alignment
0.01,100.0,10000.0,0.6943449904062622
0.0001,10.0,10000.0,0.7350781342803274
0.1,100.0,10000.0,0.7123489815265988
0.0001,100.0,10000.0,0.7203742218850464
0.1,100.0,10000.0,0.6944211660399822
0.1,10.0,10000.0,0.7070418926600651
0.1,100.0,10000.0,0.72040571697376
0.0001,10.0,10000.0,0.7324129741308841
0.0001,10.0,10000.0,0.7169694467186238
0.1,100.0,10000.0,0.7138669899393285
