C,Epsilon,Omega,Kernel_alignment
0.1,100.0,1000.0,0.7561782362572838
0.1,100.0,1000.0,0.7654606752798874
0.0001,100.0,10000.0,0.7324295570153049
0.0001,100.0,10000.0,0.7391112174280722
0.0001,10.0,10.0,0.8010649679761969
0.01,100.0,1000.0,0.7562179313714988
0.0001,100.0,1000.0,0.7709719793360368
0.0001,100.0,1000.0,0.7576304657903005
0.0001,100.0,1000.0,0.7770561621571733
0.0001,100.0,1000.0,0.7799228758970376
