C,Epsilon,Omega,Kernel_alignment
0.1,100.0,0.0001,0.64075055373811
0.001,100.0,1000.0,0.6008496605096472
0.0001,100.0,0.0001,0.6645396828227648
0.0001,1000.0,10000.0,0.6091085737814274
0.0001,1000.0,1.0,0.6435777638551059
0.1,100.0,0.0001,0.6652240330489643
0.0001,100.0,0.0001,0.6572386439146378
0.0001,100.0,1.0,0.6756502633416663
0.1,10000.0,1000.0,0.6150070304255106
0.0001,100.0,0.0001,0.6371189550075946
