C,Epsilon,Omega,Kernel_alignment
0.0001,100.0,0.0001,0.9253260890986041
0.0001,10.0,0.0001,0.9172419445949092
0.0001,10.0,0.0001,0.9180065426702323
0.0001,100.0,0.0001,0.9213326841442527
0.0001,100.0,0.0001,0.9277351613594281
0.0001,100.0,0.0001,0.9245342932584186
0.0001,100.0,0.0001,0.9177854963176486
0.0001,10.0,0.0001,0.9227776156337795
0.1,100.0,0.0001,0.9205237500371312
0.1,1000.0,0.0001,0.9150808202151888
